"","AlignID","tmean","FoundIn","Name.1","MatchFactor.1","DB.Id.1","CAS.1","Formula.1"
"1",4,3.0963,101,"2-Propanol, 1-ethoxy-","96.44","109837","1569-02-4","C5H12O2"
"2",2,3.1005,101,"Sulfurous acid, bis(2-methylpropyl) ester","95.74","205664","18748-27-1","C8H18O3S"
"3",1,3.1018,101,"1-Propanol, 2-ethoxy-","96.97","105570","19089-47-5","C5H12O2"
"4",3,3.1101,101,"Hydrazine, ethyl-","98.54","110975","624-80-6","C2H8N2"
"5",5,3.8407,101,"2-Pentenoic acid","95.34","345335","626-98-2","C5H8O2"
"6",9,4.0785,101,"2-(2-Amino-3-methylbutanamido)-3-phenylpropanoic acid, N,N',N',O-tetrakis-methyl","98.16","295922","","C18H28N2O3"
"7",7,4.0808,101,"N-(Cyclohexyl)succinimide","97.24","295201","6301-71-9","C10H15NO2"
"8",6,4.0818,101,"N-(Cyclohexyl)succinimide","97.22","295201","6301-71-9","C10H15NO2"
"9",11,4.0844,101,"N-(Cyclohexyl)succinimide","95.20","295201","6301-71-9","C10H15NO2"
"10",10,4.086,101,"3H-Oxireno[2',3'","96.63","295101","","C19H27NO4"
"11",8,4.0883,101,"3H-Oxireno[2',3'","98.00","295101","","C19H27NO4"
"12",13,4.2916,101,"3H-1,2,4-Triazole-3-thione, 2,4-dihydro-4,5-dimethyl-2-(1-piperidinylmethyl)-","99.11","292257","","C10H18N4S"
"13",12,4.295,101,"1-Pyridineacetic acid, hexahydro-","98.81","292067","","C7H13NO2"
"14",15,4.2966,101,"6-pentylpiperidin-2-one","98.97","292494","","C10H19NO"
"15",16,4.2969,101,"Piperidine, 1-(2-chloroethyl)-","98.47","292262","1932-03-2","C7H14ClN"
"16",14,4.2971,101,"6-pentylpiperidin-2-one","98.96","292494","","C10H19NO"
"17",17,4.91,101,"Ethane, 1,1,1-triethoxy-","96.38","326647","78-39-7","C8H18O3"
"18",18,4.9112,101,"Ethane, 1,1,1-triethoxy-","95.04","326647","78-39-7","C8H18O3"
"19",19,4.9171,101,"4-Ethynylaniline","95.10"," 21812","14235-81-5","C8H7N"
"20",26,5.13,101,"Phosphonic acid, (p-hydroxyphenyl)-","98.62","287140","33795-18-5","C6H7O4P"
"21",28,5.1313,101,"Phenol","97.98","314071","108-95-2","C6H6O"
"22",35,5.1317,101,"Aurin","96.53","287127","603-45-2","C19H14O3"
"23",33,5.1456,101,"Cyclotetrasiloxane, octamethyl-","89.71","340385","556-67-2","C8H24O4Si4"
"24",25,5.1704,101,"Cyclotetrasiloxane, octamethyl-","98.19","340385","556-67-2","C8H24O4Si4"
"25",24,5.1742,101,"Cyclotetrasiloxane, octamethyl-","98.05","340385","556-67-2","C8H24O4Si4"
"26",29,5.1894,101,"Cyclotetrasiloxane, octamethyl-","97.59","340385","556-67-2","C8H24O4Si4"
"27",30,5.2835,101,"Cyclotetrasiloxane, octamethyl-","96.03","340385","556-67-2","C8H24O4Si4"
"28",20,5.2935,101,"Octadecane, 2,2,4,15,17,17-hexamethyl-7,12-bis(3,5,5-trimethylhexyl)-","99.02","204573","55470-97-8","C42H86"
"29",22,5.2988,101,"Hexane, 3,4-bis(1,1-dimethylethyl)-2,2,5,5-tetramethyl-","99.10","189355","62850-21-9","C18H38"
"30",27,5.2994,101,"3-tert-Butylsulfanyl-3-fluoro-2-trifluoromethyl-acrylic acid methyl ester","98.93","185963","89563-09-7","C9H12F4O2S"
"31",21,5.3013,101,"Octadecane, 2,2,4,15,17,17-hexamethyl-7,12-bis(3,5,5-trimethylhexyl)-","99.24","204573","55470-97-8","C42H86"
"32",32,5.3027,101,"1-Penten-3-ol","97.45","181679","616-25-1","C5H10O"
"33",23,5.3061,101,"Hexane, 3,4-bis(1,1-dimethylethyl)-2,2,5,5-tetramethyl-","99.13","189355","62850-21-9","C18H38"
"34",34,5.3085,101,"1-(2,4-Dihydroxyphenyl)-2-(4-fluorophenoxy)ethanone, 2TMS derivative","97.40","195383","","C20H27FO4Si2"
"35",31,5.3315,101,"Cyclotetrasiloxane, octamethyl-","97.74","340385","556-67-2","C8H24O4Si4"
"36",44,5.5652,101,"1H-Indole-2,3-dione, 1-[(3-methyl-1-piperidinyl)methyl]-, 3-[(2-fluorophenyl)hydrazone]","95.91"," 11765","","C21H23FN4O"
"37",41,5.5661,101,"2-Propanol, 1-(cyclohexylamino)-","96.54"," 11614","103-00-4","C9H19NO"
"38",43,5.5663,101,"Phenol, 4-fluoro-","96.51","319212","371-41-5","C6H5FO"
"39",42,5.5668,101,"Propanamide, 3-(1-azepanyl)-N-(4-methyl-1,2,5-oxadiazol-3-yl)-","96.37"," 11693","","C12H20N4O2"
"40",46,6.0681,101,"1H-Indole-2,3-dione, 1-[(3-methyl-1-piperidinyl)methyl]-, 3-[(2-fluorophenyl)hydrazone]","97.31"," 11765","","C21H23FN4O"
"41",47,6.0683,101,"6-Azacytosine","97.12"," 11679","931-85-1","C3H4N4O"
"42",48,6.0684,101,"1H-Indole-2,3-dione, 1-[(3-methyl-1-piperidinyl)methyl]-, 3-[(2-fluorophenyl)hydrazone]","96.76"," 11765","","C21H23FN4O"
"43",54,6.2796,101,"Propanal benzyl isopentyl acetal","97.31","275693","","C15H24O2"
"44",52,6.2821,101,"4-(Benzyloxy)-N-butylbenzamide","98.78","277512","84403-54-3","C18H21NO2"
"45",53,6.2823,101,"Propanal benzyl isopentyl acetal","98.16","275693","","C15H24O2"
"46",55,6.4009,101,"3-Hexanone, 2,5-dimethyl-4-nitro-","95.85","302254","59906-54-6","C8H15NO3"
"47",62,6.4349,101,"Propanal benzyl isopentyl acetal","95.76","275693","","C15H24O2"
"48",59,6.442,101,"Benzyl 3-formyl-1-pyrrolidinecarboxylate","98.61","277531","276872-86-7","C13H15NO3"
"49",61,6.442,101,"L-Alanine, .alpha.-N-methyl-N-benzyl-, methyl ester","97.71","280326","","C12H17NO2"
"50",58,6.4422,101,"Propanal benzyl isopentyl acetal","99.03","275693","","C15H24O2"
"51",60,6.4429,101,"Benzyl 3-formyl-1-pyrrolidinecarboxylate","98.44","277531","276872-86-7","C13H15NO3"
"52",65,6.6506,101,"Pentane, 1,3-epoxy-4-methyl-","96.57","286705","15045-60-0","C6H12O"
"53",64,6.651,101,"Pentane, 1,3-epoxy-4-methyl-","96.38","286705","15045-60-0","C6H12O"
"54",66,6.8086,101,"1,2-Cyclohexanediol, trans-","97.91","242377","1460-57-7","C6H12O2"
"55",67,6.809,101,"1,2-Cyclohexanediol","97.53","242378","931-17-9","C6H12O2"
"56",72,6.81,101,"Ethanamine, N-(1-propylbutylidene)-","97.10","242000","10599-79-8","C9H19N"
"57",69,6.8107,101,"Hexane, 1-(hexyloxy)-4-methyl-","94.39","208907","74421-20-8","C13H28O"
"58",70,6.8315,101,"Azetidine, 1,3-dimethyl-","97.60","249955","55683-38-0","C5H11N"
"59",68,6.8324,101,"2(3H)-Furanone, dihydro-5-pentyl-","97.50","311378","104-61-0","C9H16O2"
"60",74,7.4325,101,"Mequinol","99.26","322340","150-76-5","C7H8O2"
"61",75,7.4328,101,"(2,3-Dichlorophenyl)carbamic acid 4-methoxyphenyl ester","96.94"," 37491","","C14H11Cl2NO3"
"62",81,7.4792,101,"Decane, 2,5,9-trimethyl-","97.13","198017","62108-22-9","C13H28"
"63",77,7.4811,101,"Hexadecane","99.54","346455","544-76-3","C16H34"
"64",78,7.4838,101,"Hexadecane","99.09","346455","544-76-3","C16H34"
"65",79,7.4839,101,"3,4-Hexanedione, 2,2,5-trimethyl-","98.78","287792","20633-03-8","C9H16O2"
"66",80,7.5924,101,"Tridecane","97.34","346354","629-50-5","C13H28"
"67",90,7.9524,101,"Methyl 3-O-benzyl-alpha-d-glucofuranoside 5,6-carbonate","97.21","277566","16895-87-7","C15H18O7"
"68",87,7.9818,101,"4-Benzyloxy-3-hydroxy-2-methyl-1-butene","98.58","277447","","C12H16O2"
"69",83,7.9867,101,"4-Benzyloxy-3-hydroxy-2-methyl-1-butene","98.94","277447","","C12H16O2"
"70",85,7.9877,101,"4-Benzyloxy-3-hydroxy-2-methyl-1-butene","99.04","277447","","C12H16O2"
"71",84,7.9889,101,"4-Benzyloxy-3-hydroxy-2-methyl-1-butene","99.13","277447","","C12H16O2"
"72",88,7.9937,100,"4-Benzyloxy-3-hydroxy-2-methyl-1-butene","98.35","277447","","C12H16O2"
"73",86,8.0003,100,"Methyl 3-O-benzyl-alpha-d-glucofuranoside 5,6-carbonate","98.82","277566","16895-87-7","C15H18O7"
"74",89,8.0526,101,"1-Benzyloxycarbonyl-4-piperidinamine, N-pentafluoropropionyl-","95.78","279595","","C16H17F5N2O3"
"75",93,8.0901,101,"[5-Methyl-2-thienyl]glycine","92.57"," 40673","89776-66-9","C7H9NO2S"
"76",92,8.091,101,"(2S,6R)-1,2-Dimethyl-6-nonylpiperidin-4-one","94.73"," 40589","160095-44-3","C16H31NO"
"77",94,8.1261,101,"3-Mercaptohexanol","91.94","135426","51755-83-0","C6H14OS"
"78",111,8.2336,101,"Silane, (chloromethyl)ethenyldimethyl-","94.90","311485","16709-86-7","C5H11ClSi"
"79",110,8.251,101,"3-Cyclohexene-1-carboxylic acid, methyl ester","93.97","262863","6493-77-2","C8H12O2"
"80",109,8.2595,101,"Cyclohexanecarboxylic acid, 1-amino-","91.58","292036","2756-85-6","C7H13NO2"
"81",104,8.2649,101,"Tetrahydro-22-desoxy-tomatillidine","98.72","292943","984-81-6","C27H47NO"
"82",96,8.2744,101,"1-Methyl-2-piperidinemethanol","99.86","315044","20845-34-5","C7H15NO"
"83",99,8.2766,101,"Mepivacaine","99.70","315100","96-88-8","C15H22N2O"
"84",102,8.3107,101,"6,8-Dichloro-3'-iodo-2-phenyl-.alpha.-piperidinomethyl-4-quinolinemethanol","99.54","292919","25840-32-8","C22H21Cl2IN2O"
"85",107,8.3169,101,"6,8-Dichloro-3'-iodo-2-phenyl-.alpha.-piperidinomethyl-4-quinolinemethanol","99.45","292919","25840-32-8","C22H21Cl2IN2O"
"86",98,8.362,101,"Mepivacaine","99.89","315100","96-88-8","C15H22N2O"
"87",95,8.368,101,"Ethyl 1-methylpipecolinate","99.93","315051","30727-18-5","C9H17NO2"
"88",106,8.4035,101,"6,8-Dichloro-3'-iodo-2-phenyl-.alpha.-piperidinomethyl-4-quinolinemethanol","99.61","292919","25840-32-8","C22H21Cl2IN2O"
"89",101,8.4652,101,"6,8-Dichloro-3'-iodo-2-phenyl-.alpha.-piperidinomethyl-4-quinolinemethanol","99.82","292919","25840-32-8","C22H21Cl2IN2O"
"90",97,8.486,101,"6,8-Dichloro-3'-iodo-2-phenyl-.alpha.-piperidinomethyl-4-quinolinemethanol","99.78","292919","25840-32-8","C22H21Cl2IN2O"
"91",105,8.5136,101,"Acetamide, 2-(1-piperidyl)-N-(6-chloropyrazin-2-yl)-","98.90","292842","","C11H15ClN4O"
"92",100,8.5198,101,"6,8-Dichloro-3'-iodo-2-phenyl-.alpha.-piperidinomethyl-4-quinolinemethanol","99.47","292919","25840-32-8","C22H21Cl2IN2O"
"93",103,8.5272,101,"6,8-Dichloro-3'-iodo-2-phenyl-.alpha.-piperidinomethyl-4-quinolinemethanol","99.19","292919","25840-32-8","C22H21Cl2IN2O"
"94",108,8.529,101,"Acetamide, 2-(1-piperidyl)-N-(6-chloropyrazin-2-yl)-","97.67","292842","","C11H15ClN4O"
"95",113,8.7852,101,"Cyclopentasiloxane, decamethyl-","93.33","308612","541-02-6","C10H30O5Si5"
"96",114,8.7871,101,"p-Trimethylsilyloxyphenyl-bis(trimethylsilyloxy)ethane","91.31","189105","","C17H34O3Si3"
"97",115,8.8118,101,"Cyclopentasiloxane, decamethyl-","94.72","308612","541-02-6","C10H30O5Si5"
"98",116,8.8488,101,"Cyclopentasiloxane, decamethyl-","88.46","308612","541-02-6","C10H30O5Si5"
"99",117,8.965,101,"2,2-Diethylbutyraldehyde","95.50","194712","26254-89-7","C8H16O"
"100",118,8.9669,101,"(S)-(-)-1,2,4-Butanetriol, 4-acetate","95.82","288904","","C6H12O4"
"101",121,9.046,101,"Acetoxime benzoate","98.70","303429","942-89-2","C10H11NO2"
"102",119,9.0501,101,"(+)-Dibenzoyl-L-tartaric acid anhydride","98.79","   247","64339-95-3","C18H12O7"
"103",122,9.0606,101,"1-O-Monoacetyl-2,3-O-dibenzoyl-d-ribofuranose","97.28","   219","","C21H20O8"
"104",120,9.0664,101,"2,5-Cyclohexadiene-1,4-dione, bis(O-benzoyloxime)","99.08","303444","120-52-5","C20H14N2O4"
"105",125,9.6648,101,"3H-1,2,4-Triazol-3-one, 1,2-dihydro-","99.57","269655","930-33-6","C2H3N3O"
"106",124,9.6649,101,"4-Methoxycarbonyl-4-butanolide","99.65","269562","3885-29-8","C6H8O4"
"107",127,9.6669,101,"3H-1,2,4-Triazol-3-one, 1,2-dihydro-","99.43","269655","930-33-6","C2H3N3O"
"108",129,9.6674,101,"3H-1,2,4-Triazol-3-one, 1,2-dihydro-","99.18","269655","930-33-6","C2H3N3O"
"109",128,9.6759,101,"3H-1,2,4-Triazol-3-one, 1,2-dihydro-","99.37","269655","930-33-6","C2H3N3O"
"110",126,9.6762,101,"3H-1,2,4-Triazol-3-one, 1,2-dihydro-","99.50","269655","930-33-6","C2H3N3O"
"111",130,9.7263,101,"Mefruside","96.89","269688","7195-27-9","C13H19ClN2O5S2"
"112",134,9.7646,101,"3-Methoxyhex-1-ene","97.24","244120","108811-41-2","C7H14O"
"113",131,9.7653,101,"1,5,7-Octatrien-3-ol, 3,7-dimethyl-","98.38","244443","29957-43-5","C10H16O"
"114",133,9.7657,101,"Ether, 1-dodecenyl methyl","97.64","243491","26537-04-2","C13H26O"
"115",132,9.7666,101,"1,5,7-Octatrien-3-ol, 3,7-dimethyl-","97.64","306998","29957-43-5","C10H16O"
"116",142,9.9479,101,"2-Propyl-1,3,6,2-dioxathiaphosphocane-2-oxide","97.57","271877","1049682-24-7","C7H15O3PS"
"117",146,9.9517,101,"2-Propyl-1,3,6,2-dioxathiaphosphocane-2-oxide","91.19","271877","1049682-24-7","C7H15O3PS"
"118",141,9.9659,101,"Catechol","97.09","  8672","120-80-9","C6H6O2"
"119",135,9.9673,101,"Catechol","99.82","  8672","120-80-9","C6H6O2"
"120",136,9.9689,101,"Catechol","99.53","  8672","120-80-9","C6H6O2"
"121",144,9.9754,101,"Catechol","97.53","  8672","120-80-9","C6H6O2"
"122",139,10.0438,101,"Catechol","97.03","  8672","120-80-9","C6H6O2"
"123",149,10.0484,101,"5-Diazo-1,3-cyclopentadiene","91.78","284587","1192-27-4","C5H4N2"
"124",137,10.103,101,"Catechol","97.46","  8672","120-80-9","C6H6O2"
"125",138,10.1477,101,"1,2-Benzenediol, O-propoxycarbonyl-","98.26","  8547","","C10H12O4"
"126",145,10.1828,101,"Catechol","95.11","  8672","120-80-9","C6H6O2"
"127",140,10.2042,101,"1,2-Benzenediol, O-propoxycarbonyl-","98.80","  8547","","C10H12O4"
"128",143,10.2426,101,"2,2-Diallylpyrrolidine","98.32","  9009","40162-97-8","C10H17N"
"129",162,10.3695,101,"Thiophene, 2,3-dihydro-","94.82","311505","1120-59-8","C4H6S"
"130",160,10.3712,101,"2-Ethyl-1,3,6,2-dioxathiaphosphocane-2-oxide","89.43","271870","74720-39-1","C6H13O3PS"
"131",159,10.3766,101,"Phenol, o-amino-","95.13","318454","95-55-6","C6H7NO"
"132",152,10.3783,101,"Phenol, o-amino-","97.64","318455","95-55-6","C6H7NO"
"133",155,10.3795,101,"2(1H)-Pyridinone, 3-methyl-","97.02","  6820","1003-56-1","C6H7NO"
"134",163,10.3795,101,"Ammonium sulfamate","97.04","262718","7773-06-0","H6N2O3S"
"135",157,10.3833,101,"Ammonium sulfamate","92.48","262718","7773-06-0","H6N2O3S"
"136",154,10.4576,101,"Benzofuran, 2,3-dihydro-","97.27"," 27705","496-16-2","C8H8O"
"137",161,10.4601,101,"4-tert-Butoxystyrene","93.80"," 27710","95418-58-9","C12H16O"
"138",150,10.4656,101,"4-Vinylphenol","99.26"," 27707","2628-17-3","C8H8O"
"139",151,10.4729,101,"4-Vinylphenol","98.91"," 27707","2628-17-3","C8H8O"
"140",158,10.5144,101,"4-tert-Butoxystyrene","96.08"," 27710","95418-58-9","C12H16O"
"141",153,10.5191,101,"Benzofuran, 2,3-dihydro-","97.48"," 27705","496-16-2","C8H8O"
"142",156,10.5208,101,"4-tert-Butoxystyrene","97.23"," 27710","95418-58-9","C12H16O"
"143",165,10.777,101,"Thiirane","97.04","110976","420-12-2","C2H4S"
"144",166,10.8242,101,"1H-Pyrrole-2,5-dione, 3-ethyl-4-methyl-","94.88"," 61858","20189-42-8","C7H9NO2"
"145",168,10.8246,101,"1H-Pyrrole-2,5-dione, 3-ethyl-4-methyl-","92.24"," 61858","20189-42-8","C7H9NO2"
"146",167,10.8251,101,"N-(3,4-Difluorophenyl)-3,5-dimethylthiophene-2-carboxamide","92.41"," 61864","","C13H11F2NOS"
"147",194,10.9338,101,"1-Methyl-2-(1-(propylthio)propyl)disulfane","98.13"," 21728","126876-21-9","C7H16S3"
"148",169,10.9359,101,"Bis(2-hydroxypropyl)amine, O-trimethylsilyl-, O',N-bis(trifluoroacetyl)- (isomer 2)","95.19"," 21620","","C13H21F6NO4Si"
"149",182,10.939,101,"1-(2-Methoxy-1-methylethoxy)-2-propanol, TMS derivative","93.40"," 21549","","C10H24O3Si"
"150",171,10.9397,101,"2,4-Thiazolidinedione","97.35","344073","2295-31-0","C3H3NO2S"
"151",197,10.9408,101,"3-Piperidinopropyl p-chlorobenzoate","97.50","293324","","C15H20ClNO2"
"152",173,10.945,101,"Fenpropidin","84.07","293364","67306-00-7","C19H31N"
"153",175,10.9457,101,"Bis(2-hydroxypropyl)amine, O-trimethylsilyl-, O',N-bis(trifluoroacetyl)- (isomer 1)","94.80"," 21619","","C13H21F6NO4Si"
"154",181,10.9532,101,"Ethanone, 1-(2-methyl-2,3-dihydroindol-1-yl)-2-(piperidin-1-yl)-","97.34","292059","","C16H22N2O"
"155",174,10.9632,101,"Ethanone, 1-(2-methyl-2,3-dihydroindol-1-yl)-2-(piperidin-1-yl)-","96.44","292059","","C16H22N2O"
"156",170,10.9665,101,"Ethanone, 1-(2-methyl-2,3-dihydroindol-1-yl)-2-(piperidin-1-yl)-","97.56","292059","","C16H22N2O"
"157",188,10.9676,100,"Ethanone, 1-(2-methyl-2,3-dihydroindol-1-yl)-2-(piperidin-1-yl)-","97.17","292059","","C16H22N2O"
"158",187,10.9726,101,"2,4-Thiazolidinedione","97.26","121007","2295-31-0","C3H3NO2S"
"159",190,10.9931,101,"2,4-Thiazolidinedione","96.52","344073","2295-31-0","C3H3NO2S"
"160",177,10.9966,101,"Ethanone, 1-(2-methyl-2,3-dihydroindol-1-yl)-2-(piperidin-1-yl)-","96.87","292059","","C16H22N2O"
"161",198,11.0172,101,"Anhydro 5-mercapto-3-methyl-1,2,3,4-oxatriazolium hydroxide","95.51"," 31385","","C2H3N3OS"
"162",172,11.0308,101,"2-Propanol, 1-butoxy-3-(1-piperidinyl)-","97.06","292567","51735-01-4","C12H25NO2"
"163",195,11.0572,101,"1-Benzoylamino-5-piperidinyl-1-(4-ethylphenyl)pentane","94.90","293011","","C25H34N2O"
"164",183,11.0591,101,"Fenpropidin","96.59","315059","67306-00-7","C19H31N"
"165",178,11.0634,101,"Fenpropidin","97.25","315089","67306-00-7","C19H31N"
"166",184,11.074,101,"Fenpropidin","98.00","315089","67306-00-7","C19H31N"
"167",186,11.1228,101,"Fenpropidin","97.72","315059","67306-00-7","C19H31N"
"168",179,11.1397,101,"Fenpropidin","98.28","315059","67306-00-7","C19H31N"
"169",176,11.1402,101,"Fenpropidin","98.80","315089","67306-00-7","C19H31N"
"170",200,11.2254,101,"2,5-Hexanedione, 3,4-bis(dimethylaminomethylidene)-","93.43","293177","","C12H20N2O2"
"171",180,11.2432,100,"Mesoridazine","98.32","315053","5588-33-0","C21H26N2OS2"
"172",189,11.2729,101,"2,5-Hexanedione, 3,4-bis(dimethylaminomethylidene)-","97.79","293177","","C12H20N2O2"
"173",191,11.2868,101,"2,5-Hexanedione, 3,4-bis(dimethylaminomethylidene)-","95.62","293177","","C12H20N2O2"
"174",196,11.3045,101,"Acetic acid, 1-(2-methyltetrazol-5-yl)ethenyl ester","94.86"," 20248","152028-15-4","C6H8N4O2"
"175",204,11.3089,101,"2,2-Dimethylpropyl ethylphosphonofluoridate","90.88"," 40423","","C7H16FO2P"
"176",202,11.3107,101,"Benzenamine, 3-methoxy-4-[3-(1-piperidinyl)propoxy]-","83.14"," 40639","","C15H24N2O2"
"177",199,11.3172,101,"2-Methylbutyl ethylphosphonofluoridate","94.59"," 13332","","C7H16FO2P"
"178",185,11.3174,101,"16-Hydroxy-hexadecanooic acid, pyrrolidide","97.33"," 12742","","C20H39NO2"
"179",192,11.3177,101,"2-Ethylhexyl ethylphosphonofluoridate","97.03"," 13339","","C10H22FO2P"
"180",201,11.3237,101,"2,5-Hexanedione, 3,4-bis(dimethylaminomethylidene)-","93.06","293177","","C12H20N2O2"
"181",208,11.5679,101,"1,2,4-Trithiolane","94.78","113309","289-16-7","C2H4S3"
"182",207,11.5685,101,"1,2-Benzenediol, 3-methyl-","96.07","309718","488-17-5","C7H8O2"
"183",209,11.5703,101,"Salicyl alcohol","94.60","261327","90-01-7","C7H8O2"
"184",210,11.8193,101,"Hydroquinone","99.55","318761","123-31-9","C6H6O2"
"185",214,11.8236,101,"Resorcinol","98.97","  8812","108-46-3","C6H6O2"
"186",211,11.8237,101,"Resorcinol","99.44","  8812","108-46-3","C6H6O2"
"187",215,11.8298,101,"Hydroquinone, acetate","98.52","  8535","","C8H8O3"
"188",212,11.8342,101,"Resorcinol","99.41","  8812","108-46-3","C6H6O2"
"189",213,11.8343,101,"Resorcinol","99.34","  8812","108-46-3","C6H6O2"
"190",218,11.8827,101,"2,2'-Biphenylene dicinnamate","94.66"," 48226","300799-15-9","C30H22O4"
"191",219,11.9082,101,"1H-Benzoimidazole, 2-(2-isopropyl-5-methylphenoxymethyl)-","95.26"," 48411","","C18H20N2O"
"192",216,11.9437,101,"1,2,4,5-Tetrazine, 3,6-dimethyl-","98.27","248880","1558-23-2","C4H6N4"
"193",229,12.4836,101,"Indole","98.50","319921","120-72-9","C8H7N"
"194",223,12.4853,101,"Indole","99.60","319920","120-72-9","C8H7N"
"195",224,12.4893,101,"Indole","99.60","319921","120-72-9","C8H7N"
"196",228,12.496,101,"Indole","97.22","319921","120-72-9","C8H7N"
"197",226,12.4986,101,"Indole","98.89","319921","120-72-9","C8H7N"
"198",232,12.5539,101,"Indole","91.21","319921","120-72-9","C8H7N"
"199",225,12.5939,101,"2-Butene-1,4-diamine, N,N'-dimethyl-","85.86"," 93376","111-72-8","C6H14N2"
"200",231,12.594,101,"4-(4-Methyl-piperazin-1-yl)-1,5,-dihydro-imidazol-2-one","83.89","241893","","C8H14N4O"
"201",227,12.5951,101,"1-(2-Hydroxyethyl)-1,2,4-triazole","85.92","306591","3273-14-1","C4H7N3O"
"202",230,12.5963,101,"4-(4-Methyl-piperazin-1-yl)-1,5,-dihydro-imidazol-2-one","94.25","241893","","C8H14N4O"
"203",235,12.9992,101,"Phenol, 5-ethenyl-2-methoxy-","97.93"," 55500","621-58-9","C9H10O2"
"204",236,13.0009,101,"Phenol, 5-ethenyl-2-methoxy-","98.74"," 55500","621-58-9","C9H10O2"
"205",238,13.003,101,"4-Hydroxy-2-methylacetophenone","97.76"," 55537","875-59-2","C9H10O2"
"206",237,13.0063,101,"Phenol, 5-ethenyl-2-methoxy-","98.80"," 55500","621-58-9","C9H10O2"
"207",240,13.09,101,"4,6'-Dimethoxy-2'-(tert.-butyldimethylsilyl)oxychalcone","92.80","214215","","C23H30O4Si"
"208",242,13.1087,101,"2-(N,N-Bis(2-chloroethyl)amino)methyl-2,3-dihydro-6-hydroxy-3-oxopyridazine","91.98"," 11974","14628-36-5","C9H13Cl2N3O2"
"209",243,13.1995,101,"4-Quinolinol, 2-methyl-","99.03","329240","607-67-0","C10H9NO"
"210",250,13.2004,101,"4-Quinolinol, 2-methyl-","97.68","329240","607-67-0","C10H9NO"
"211",244,13.2028,101,"4-Quinolinol, 2-methyl-","98.89","329240","607-67-0","C10H9NO"
"212",245,13.2029,101,"4-Quinolinol, 2-methyl-","98.05","329240","607-67-0","C10H9NO"
"213",247,13.2142,101,"1-Naphthalenol, 6-amino-","93.21"," 94203","23894-12-4","C10H9NO"
"214",251,13.2546,101,"5-Amino-1-methyl-1H-pyrazole-4-carboxamide, 3TMS","92.38","214003","","C14H32N4OSi3"
"215",249,13.2547,101,"4,6'-Dimethoxy-2'-(tert.-butyldimethylsilyl)oxychalcone","94.24","214215","","C23H30O4Si"
"216",246,13.2552,101,"4,6'-Dimethoxy-2'-(tert.-butyldimethylsilyl)oxychalcone","92.73","214215","","C23H30O4Si"
"217",248,13.2554,101,"Cyclohexasiloxane, dodecamethyl-","90.61","308592","540-97-6","C12H36O6Si6"
"218",253,13.4486,101,"Cyclopropylphenylmethane","96.75","312776","1667-00-1","C10H12"
"219",252,13.4488,101,"Cyclopropylphenylmethane","96.95","312776","1667-00-1","C10H12"
"220",254,13.4495,101,"Cyclopropylphenylmethane","96.38","312776","1667-00-1","C10H12"
"221",255,13.4573,101,"1,4-Diphenylbut-3-en-2-one","96.79","278005","5409-59-6","C16H14O"
"222",259,13.6397,101,"4-Ethylcatechol","97.58"," 35393","1124-39-6","C8H10O2"
"223",257,13.6401,101,"4-Ethylcatechol","97.78"," 35393","1124-39-6","C8H10O2"
"224",258,13.6406,101,"2-Fluorobenzoic acid, 2,6-dimethylnon-1-en-3-yn-5-yl ester","97.07"," 34535","","C18H21FO2"
"225",261,13.8423,101,"2-(N,N-Bis(2-chloroethyl)amino)methyl-2,3-dihydro-6-hydroxy-3-oxopyridazine","92.97"," 11974","14628-36-5","C9H13Cl2N3O2"
"226",262,13.9196,101,"Phenol, 2,6-dimethoxy-","98.52"," 87416","91-10-1","C8H10O3"
"227",264,13.9197,101,"Formic acid, 2,6-dimethoxyphenyl ester","97.94"," 87414","","C9H10O4"
"228",263,13.9215,101,"Formic acid, 2,6-dimethoxyphenyl ester","98.72"," 87414","","C9H10O4"
"229",266,13.9217,101,"Phenol, 2,6-dimethoxy-, acetate","98.01"," 87422","944-99-0","C10H12O4"
"230",265,13.9234,101,"Phenol, 2,6-dimethoxy-, acetate","98.52","328571","944-99-0","C10H12O4"
"231",271,14.0328,101,"Ethylenediamine, N-(p-chlorophenyl)-N,N'-dimethyl-N'-phenyl-","93.41"," 28593","32857-42-4","C16H19ClN2"
"232",269,14.0398,101,"Benzoic acid, 4-amino-, 4-hydroximino-2,2,6,6-tetramethyl-1-piperidinyl ester","91.65"," 28303","","C16H23N3O3"
"233",274,14.0596,101,"Benzoic acid, 4-amino-, 4-acetoxy-2,2,6,6-tetramethyl-1-piperidinyl ester","91.41"," 28305","","C18H26N2O4"
"234",279,14.0877,101,"2-Ethylbutyric acid, 3-methoxyphenyl ester","81.96"," 37061","","C13H18O3"
"235",268,14.0886,101,"4,5-Pyrimidinediamine, 6-methyl-","77.67"," 36644","22715-28-2","C5H8N4"
"236",270,14.0897,101,"2-Ethylbutyric acid, 3-methoxyphenyl ester","81.68"," 37061","","C13H18O3"
"237",276,14.0897,101,"N-(Hept-1-enyl)-pyrrolidin-2-one","85.69"," 37245","","C11H19NO"
"238",272,14.0906,101,"2-Ethylbutyric acid, 3-methoxyphenyl ester","88.14"," 37061","","C13H18O3"
"239",273,14.1104,101,"1,5-Hexadien-3-ol, trifluoroacetate","80.94"," 86001","","C8H9F3O2"
"240",277,14.1113,101,"6-Methyl-3-nitro-2-pyridinamine","78.84"," 86058","21901-29-1","C6H7N3O2"
"241",284,14.2193,101,"4-Cyclopropylmethylbenzonitrile","90.64"," 20981","161894-17-3","C11H11N"
"242",282,14.2205,101,"4-Cyclopropylmethylbenzonitrile","90.48"," 20981","161894-17-3","C11H11N"
"243",286,14.2223,101,"4-Cyclopropylmethylbenzonitrile","91.09"," 20981","161894-17-3","C11H11N"
"244",287,14.2347,101,"4-Cyclopropylmethylbenzonitrile","75.64"," 20981","161894-17-3","C11H11N"
"245",280,14.2891,101,"5,6-Bis(2-methoxyphenyl)-2,3-dihydropyrazin","94.79"," 50445","","C18H18N2O2"
"246",281,14.2894,101,"5,6-Bis(2-methoxyphenyl)-2,3-dihydropyrazin","94.86"," 50445","","C18H18N2O2"
"247",285,14.2948,101,"5,6-Bis(2-methoxyphenyl)-2,3-dihydropyrazin","94.37"," 50445","","C18H18N2O2"
"248",283,14.2961,101,"5,6-Bis(2-methoxyphenyl)-2,3-dihydropyrazin","95.51"," 50445","","C18H18N2O2"
"249",288,14.5594,101,"(5R,8aR)-5-Propyloctahydroindolizine","98.12"," 37331","120057-35-4","C11H21N"
"250",289,14.5601,101,"(5R,8aR)-5-Propyloctahydroindolizine","98.08"," 37331","120057-35-4","C11H21N"
"251",290,14.5612,101,"Pyrrolo[1,2-c]oxazol-1(3H)-one, tetrahydro 7a-acetyl-3-(1,1-dimethylethyl)-","97.11"," 36768","86046-29-9","C12H19NO3"
"252",291,14.7012,101,"1-(1,3-Dimethyl-1H-pyrazol-4-yl)ethanone","98.01"," 35382","52773-23-6","C7H10N2O"
"253",296,14.7022,101,"2-Fluorobenzoic acid, tridec-2-ynyl ester","97.18"," 35286","","C20H27FO2"
"254",292,14.7036,101,"5-t-Butyl-4-methylimidazole","97.41"," 35380","146979-50-2","C8H14N2"
"255",298,14.7148,101,"2-Fluorobenzoic acid, tridec-2-ynyl ester","96.31"," 35286","","C20H27FO2"
"256",300,14.7321,101,"L-Proline, 5-oxo-, n-propyl ester","95.79","268111","","C8H13NO3"
"257",294,14.7354,101,"2-Fluorobenzoic acid, 2-ethoxyethyl ester","80.23"," 34015","","C11H13FO3"
"258",293,14.7376,101,"1-Carbahexaborane(7)","78.05","245821","25301-90-0","CH7B5"
"259",297,14.7379,101,"1-Carbahexaborane(7)","79.96","245821","25301-90-0","CH7B5"
"260",303,14.7386,101,"2-Hexanone, 3-methyl-","87.95","330109","2550-21-2","C7H14O"
"261",302,14.7585,101,"2-Propenoic acid, 3-phenyl-, methyl ester, (E)-","95.11","323705","1754-62-7","C10H10O2"
"262",295,14.7619,101,"2-Propenoic acid, 3-phenyl-, methyl ester, (E)-","98.04","323705","1754-62-7","C10H10O2"
"263",299,14.8439,101,"4-Fluorobenzoic acid, tridec-2-ynyl ester","98.15"," 35285","","C20H27FO2"
"264",306,14.9287,101,"4,5-Pyrimidinediamine, 6-methyl-","80.17"," 36644","22715-28-2","C5H8N4"
"265",307,14.9316,101,"2-Ethylbutyric acid, 3-methoxyphenyl ester","82.70"," 37061","","C13H18O3"
"266",310,15.2201,101,"Benzeneethanol, .alpha.-(phenylmethyl)-","96.33","284786","5381-92-0","C15H16O"
"267",312,15.4031,101,"Clindamycin","95.64"," 40865","18323-44-9","C18H33ClN2O5S"
"268",313,15.4503,101,"(S)-tert-Butyl pyrrolidin-2-ylmethylcarbamate","95.27","242460","141774-70-1","C10H20N2O2"
"269",315,15.4511,101,"(S)-tert-Butyl pyrrolidin-2-ylmethylcarbamate","93.87","242460","141774-70-1","C10H20N2O2"
"270",316,15.4513,101,"4-[p-Chlorobenzoyl]-1-methylpiperidine","92.71","241906","","C13H16ClNO"
"271",314,15.4522,101,"(S)-tert-Butyl pyrrolidin-2-ylmethylcarbamate","93.62","242460","141774-70-1","C10H20N2O2"
"272",320,15.694,101,"Phosphorus pentafluoride","99.13","  3718","7647-19-0","F5P"
"273",317,15.7016,101,"Benzenepropanoic acid, .alpha.,4-dihydroxy-","98.97","317745","306-23-0","C9H10O4"
"274",318,15.7051,101,".alpha.-Methyltyrosine, N,O-diacetyl-","99.38","  3583","","C14H17NO5"
"275",319,15.7587,101,".alpha.-Methyltyrosine, N,O-diacetyl-","97.60","  3583","","C14H17NO5"
"276",328,15.7606,101,"1,4-Benzenediol, mono-tetradecyl ether","94.32"," 35275","13224-40-3","C20H34O2"
"277",326,15.7607,101,"butanoic acid, (1-ethenyl-1H-imidazol-2-yl)methyl ester","90.44"," 35027","","C10H14N2O2"
"278",321,15.7617,101,"Phosphorus pentafluoride","96.24","  3718","7647-19-0","F5P"
"279",323,15.7628,101,".alpha.-Methyltyrosine, N,O-diacetyl-","95.04","  3583","","C14H17NO5"
"280",325,15.774,101,"Cyclohexanecarboxamide, N-methyl-N-phenyl-","94.14","  4041","","C14H19NO"
"281",329,15.8245,101,"(E)-Dodec-2-enyl (E)-2-methylbut-2-enoate","90.29","266750","","C17H30O2"
"282",324,15.8252,101,"(E)-Dodec-2-enyl (E)-2-methylbut-2-enoate","94.15","266750","","C17H30O2"
"283",322,15.8272,101,"(E)-Dodec-2-enyl (E)-2-methylbut-2-enoate","96.60","266750","","C17H30O2"
"284",331,16.3056,101,"7-Acetyloxychromanone","90.03"," 58710","","C11H10O4"
"285",330,16.3064,101,"2-Hydroxy-5-methylisophthalaldehyde","90.28"," 58724","7310-95-4","C9H8O3"
"286",332,16.3095,101,"2-Hydroxy-5-methylisophthalaldehyde","84.81"," 58724","7310-95-4","C9H8O3"
"287",335,16.4448,101,"Oxazolidine, 2,2-dimethyl-","87.77","241902","20515-62-2","C5H11NO"
"288",334,16.4545,101,"1-Cyclohexen-3-ol, 3-(2-propenyl)-","79.35","291415","65995-76-8","C9H14O"
"289",333,16.4583,101,"Methyl cyclohexanepropionate","84.39","311956","20681-51-0","C10H18O2"
"290",356,16.4719,101,"(Z)-3-(Heptadec-12-en-1-yl)phenyl 2-aminobenzoate","96.62"," 28306","","C30H43NO2"
"291",347,16.4795,101,"Amino(4-methylphenyl)acetic acid, TMS","97.49"," 27975","","C12H19NO2Si"
"292",338,16.5758,101,"1H-Indole-3-acetaldehyde, 5-hydroxy-","97.56"," 74930","1892-21-3","C10H9NO2"
"293",336,16.5767,101,"1H-Indole-3-acetaldehyde, 5-hydroxy-","98.49"," 74930","1892-21-3","C10H9NO2"
"294",352,16.5776,101,"1H-Indole-3-acetaldehyde, 5-hydroxy-","96.99"," 74930","1892-21-3","C10H9NO2"
"295",342,16.5802,101,"1H-Indole-3-acetaldehyde, 5-hydroxy-","97.66"," 74930","1892-21-3","C10H9NO2"
"296",350,16.5899,101,"1,3-Oxathiane, 2-(1-methylethyl)-","95.10","299607","24699-59-0","C7H14OS"
"297",363,16.5966,101,"1,3-Oxathiane, 2-(1-methylethyl)-","96.25","299607","24699-59-0","C7H14OS"
"298",348,16.625,101,"N-Carbamoyl-L-phenylalanine, 2TMS","85.16"," 28521","","C16H28N2O3Si2"
"299",340,16.6267,101,"Phenol, 2-methoxy-4-propyl-","97.70"," 60030","2785-87-7","C10H14O2"
"300",354,16.6269,101,"Phenol, 2-methoxy-4-propyl-","95.98"," 60030","2785-87-7","C10H14O2"
"301",361,16.6401,101,"2-Hydroxyphenethyl alcohol, TMS derivative B","86.88"," 27531","","C11H18O2Si"
"302",349,16.6442,101,"Benzenemethanol, .alpha.-(1-phenylaminoethyl)-","96.76"," 27564","42787-62-2","C15H17NO"
"303",341,16.6443,101,"Benzenemethanol, .alpha.-(1-phenylaminoethyl)-","96.86"," 27564","42787-62-2","C15H17NO"
"304",337,16.6447,101,"Benzenemethanol, .alpha.-(1-phenylaminoethyl)-","98.00"," 27564","42787-62-2","C15H17NO"
"305",339,16.6455,101,"Benzenemethanol, .alpha.-(1-phenylaminoethyl)-","97.67"," 27564","42787-62-2","C15H17NO"
"306",355,16.6505,101,"Methyl allyl diglycolcarbonate","95.95","299613","87292-24-8","C10H16O7"
"307",346,16.6578,101,"1,2,3-Propanetriol, 1-acetate","96.97"," 23663","106-61-6","C5H10O4"
"308",343,16.67,101,"1,2,3-Propanetriol, 1-acetate","98.51"," 23663","106-61-6","C5H10O4"
"309",344,16.7258,101,"Disulfide, propyl 1-(propylthio)ethyl","98.57","299744","69078-86-0","C8H18S3"
"310",351,16.7861,101,"Disulfide, propyl 1-(propylthio)ethyl","98.16","299744","69078-86-0","C8H18S3"
"311",357,16.8357,101,"5-Hydroxymethyl-2,2,5-trimethyl-1,3-dioxane, TBDMS derivative","90.27"," 93825","","C14H30O3Si"
"312",362,16.8424,101,"Pentanoic acid, TMS derivative","88.94","257562","26429-16-3","C8H18O2Si"
"313",366,16.8435,101,"Pentanoic acid, TMS derivative","89.37","257562","26429-16-3","C8H18O2Si"
"314",373,16.9051,101,"Heptane, 2,3,6-trimethyl-","94.98","194753","4032-93-3","C10H22"
"315",368,16.9057,101,"1-Isobutoxy-2-ethylhexane","97.64","193580","","C12H26O"
"316",369,16.9091,101,".beta.-D-Glucopyranose, 1,6-anhydro-","98.05","234155","498-07-7","C6H10O5"
"317",371,16.9115,101,"2-Decanol, propanoate","97.59","187017","55683-11-9","C13H26O2"
"318",370,16.9145,101,"3-Undecene, 6-methyl-, (E)-","97.92","187037","74630-52-7","C12H24"
"319",372,16.9232,101,"Decyl trifluoroacetate","98.84","146270","333-88-0","C12H21F3O2"
"320",374,16.9942,101,"Octane, 2,3-dimethyl-","94.21","346265","7146-60-3","C10H22"
"321",375,17.0108,101,"3,4-Altrosan","95.92","234152","","C6H10O5"
"322",378,17.1309,101,"4-Fluoro-N-(4-methoxyphenyl)benzenesulfonamide","96.29"," 32371","","C13H12FNO3S"
"323",377,17.1309,101,"rac-(1R,2R)-2-(1H-imidazol-4-yl)cyclopropan-1-amine, N,N,N'-triacetyl-","96.54"," 32056","","C12H15N3O3"
"324",380,17.239,101,"Pyrrolo[1,2-c]oxazol-1(3H)-one, tetrahydro 7a-acetyl-3-(1,1-dimethylethyl)-","98.19"," 36768","86046-29-9","C12H19NO3"
"325",381,17.247,101,"3-Butylindolizidine","97.28"," 36778","","C12H23N"
"326",382,17.5234,101,"2,3-Bis(1-methylallyl)pyrrolidine","96.45"," 37688","","C12H21N"
"327",383,17.5304,101,"2,3-Bis(1-methylallyl)pyrrolidine","95.38"," 37688","","C12H21N"
"328",388,17.5683,101,"4-Cyclopropylmethylbenzonitrile","77.40"," 20981","161894-17-3","C11H11N"
"329",390,17.5699,101,"1-Cyano-4-(5-hexenyl)benzene","84.78"," 45189","142779-16-6","C13H15N"
"330",387,17.5711,101,"Cycloheptasiloxane, tetradecamethyl-","96.31","340376","107-50-6","C14H42O7Si7"
"331",389,17.5737,101,"Cycloheptasiloxane, tetradecamethyl-","85.36","340376","107-50-6","C14H42O7Si7"
"332",386,17.5737,101,"Cycloheptasiloxane, tetradecamethyl-","96.67","340376","107-50-6","C14H42O7Si7"
"333",385,17.5739,101,"Cycloheptasiloxane, tetradecamethyl-","97.56","340376","107-50-6","C14H42O7Si7"
"334",391,17.6334,101,"1-Cyano-4-(5-hexenyl)benzene","85.70"," 45189","142779-16-6","C13H15N"
"335",393,17.6601,101,"Cyclopentaneethanamine, N,.alpha.-dimethyl-","98.76","347698","102-45-4","C9H19N"
"336",394,17.6611,101,"Cyclopentaneethanamine, N,.alpha.-dimethyl-","98.27","347698","102-45-4","C9H19N"
"337",395,17.6628,101,"N-1,N-1-Dimethyl-N-2-(3-thienylmethyl)-1,2-ethanediamine","97.04","231513","892593-13-4","C9H16N2S"
"338",396,17.7703,101,"2-isothiazolidinepropanesulfonyl chloride, 1,1-dioxide","89.82"," 51667","","C6H12ClNO4S2"
"339",404,17.8679,101,"2(1H)-Quinolinone, hydrazone","85.80","323265","15793-77-8","C9H9N3"
"340",402,17.8692,101,"2-Octyl-1,3-dioxolane-4,5-dicarboxylic acid","87.62"," 96573","","C13H22O6"
"341",400,17.8722,101,"Benzamide, 4-butyl-N-(2-phenylethyl)-N-hexadecyl-","95.95"," 97524","","C35H55NO"
"342",406,17.8797,101,"7-phenyl-octan-2-ol","82.81"," 97921","","C14H22O"
"343",405,17.882,101,"2(1H)-Quinolinone, hydrazone","90.54","323265","15793-77-8","C9H9N3"
"344",401,17.8823,101,"Benzamide, 4-butyl-N-methyl-","90.51"," 97922","","C12H17NO"
"345",399,17.8893,101,"2,4-Di-tert-butylphenol","97.05","333913","96-76-4","C14H22O"
"346",398,17.8915,101,"2,4-Di-tert-butylphenol","98.49","333913","96-76-4","C14H22O"
"347",403,17.892,101,"2,4-Di-tert-butylphenol","97.17","333923","96-76-4","C14H22O"
"348",411,17.9971,101,"4-Aminopentanoic acid, N-trimethylsilyl-, trimethylsilyl ester","92.64"," 20697","","C11H27NO2Si2"
"349",418,17.9998,101,"Ala-.beta.-Ala, N-trimethylsilyl-, trimethylsilyl ester","94.32"," 20613","","C12H28N2O3Si2"
"350",410,18.0001,101,"4-Aminopentanoic acid, N-trimethylsilyl-, trimethylsilyl ester","94.41"," 20697","","C11H27NO2Si2"
"351",413,18.0484,101,"4-Aminopentanoic acid, N-trimethylsilyl-, trimethylsilyl ester","94.81"," 20697","","C11H27NO2Si2"
"352",414,18.0797,101,"Clivonine","84.61","267298","477-16-7","C17H19NO5"
"353",408,18.0811,101,"Tropine, TBDMS derivative","86.36","267302","","C14H29NOSi"
"354",416,18.1179,101,"4-Aminopentanoic acid, N-trimethylsilyl-, trimethylsilyl ester","90.62"," 20697","","C11H27NO2Si2"
"355",415,18.1294,101,"Glycine, N-methyl-N-ethoxycarbonyl-, heptadecyl ester","95.41"," 20478","","C23H45NO4"
"356",421,18.1523,101,"Propane, 1-(1-methylethoxy)-","97.04","277806","627-08-7","C6H14O"
"357",420,18.1528,101,"1,3-Dioxolane, 2-methyl-2-(3-methylbutyl)-","96.76","273204","14447-30-4","C9H18O2"
"358",409,18.225,101,"Acetanilide, 2-tert-butyl-","95.77"," 51695","7402-70-2","C12H17NO"
"359",412,18.2436,101,"1-Pentanone, 1-(2'-methylaminophenyl)-","91.62"," 52733","64605-28-3","C12H17NO"
"360",422,18.3567,101,"Benzenamine, 4-butyl-2-methyl-","97.71"," 28634","72072-16-3","C11H17N"
"361",423,18.3649,101,"4-[(4-Aminobenzoyl)oxy]butyl 4-aminobenzoate","97.46"," 28464","53122-21-7","C18H20N2O4"
"362",425,18.3659,101,"Benzenamine, 4-butyl-2-methyl-","97.66"," 28634","72072-16-3","C11H17N"
"363",427,18.3719,101,"Isobutamben","95.33"," 28466","94-14-4","C11H15NO2"
"364",429,18.3763,101,"Homovanillyl alcohol","95.10","325181","2380-78-1","C9H12O3"
"365",428,18.3772,101,"Homovanillyl alcohol","95.71","325182","2380-78-1","C9H12O3"
"366",424,18.3845,101,"Benzoic acid, 4-amino-, 4-hydroximino-2,2,6,6-tetramethyl-1-piperidinyl ester","98.10"," 28303","","C16H23N3O3"
"367",426,18.4026,101,"Benzoic acid, 4-amino-, 4-acetoxy-2,2,6,6-tetramethyl-1-piperidinyl ester","95.30"," 28305","","C18H26N2O4"
"368",430,18.4199,101,"Benzoic acid, 4-amino-, 4-acetoxy-2,2,6,6-tetramethyl-1-piperidinyl ester","93.16"," 28305","","C18H26N2O4"
"369",439,18.5639,101,"1,2-Ethanediamine, N,N,N',N'-tetramethyl-1,2-diphenyl-","95.56"," 52423","61900-97-8","C18H24N2"
"370",432,18.5965,101,"Acetin, bis-1,3-trimethylsilyl ether","80.74","250819","","C11H26O4Si2"
"371",435,18.5968,101,"Galactitol, 1,3,5-tri-O-methyl-, triacetate","80.43"," 32416","19318-48-0","C15H26O9"
"372",434,18.5976,101,"Heneicosanoic acid, 4-methyl-2-methylene-, ethyl ester, D-","79.25"," 14303","18607-50-6","C25H48O2"
"373",433,18.6776,101,"Acetic acid, 4-oxocyclohexyl ester","79.23","289905","41043-88-3","C8H12O3"
"374",431,18.6794,101,"Acetic acid, 4-oxocyclohexyl ester","77.75","289905","41043-88-3","C8H12O3"
"375",436,18.6827,101,"Acetic acid, 4-oxocyclohexyl ester","85.24","289905","41043-88-3","C8H12O3"
"376",444,18.733,101,"2-Naphthalenamine","95.04","326275","91-59-8","C10H9N"
"377",442,18.7442,101,"L-.alpha.-Phenylalanyl-.beta.-naphthylamide","81.68"," 28687","740-57-8","C19H18N2O"
"378",441,18.7533,101,"[2-(5-Bromo-2-methyl-1H-indol-3-yl)-1-(4-methylphenyl)ethyl]amine","94.84"," 27709","","C18H19BrN2"
"379",440,18.7539,101,"[2-(5-Bromo-2-methyl-1H-indol-3-yl)-1-(4-methylphenyl)ethyl]amine","95.02"," 27709","","C18H19BrN2"
"380",443,18.761,101,"2-(Methylamino)-2-phenylacetic acid, TMS","97.80"," 27374","","C12H19NO2Si"
"381",451,19.0211,101,"Pinacol, 2TMS derivative","97.90"," 47803","6730-96-7","C12H30O2Si2"
"382",447,19.0354,101,"Pinacol, 2TMS derivative","98.23"," 47803","6730-96-7","C12H30O2Si2"
"383",448,19.0422,101,"Pinacol, 2TMS derivative","98.63"," 47803","6730-96-7","C12H30O2Si2"
"384",446,19.0426,101,"Pinacol, 2TMS derivative","98.26"," 47803","6730-96-7","C12H30O2Si2"
"385",449,19.0611,101,"Pinacol, 2TMS derivative","98.36"," 47803","6730-96-7","C12H30O2Si2"
"386",450,19.0744,101,"Pinacol, 2TMS derivative","98.40"," 47803","6730-96-7","C12H30O2Si2"
"387",452,19.1292,101,"Pinacol, 2TMS derivative","97.33"," 47803","6730-96-7","C12H30O2Si2"
"388",453,19.1731,101,"Phenol, 4-ethenyl-2,6-dimethoxy-","98.14","121383","28343-22-8","C10H12O3"
"389",454,19.1773,101,"2,6-Dimethoxy-4-vinylphenyl acetate","94.14","121382","46501-14-8","C12H14O4"
"390",458,19.182,101,"2,6-Dimethoxy-4-vinylphenyl acetate","93.71","121382","46501-14-8","C12H14O4"
"391",455,19.1885,101,"N-Benzyl-2-methyl-5-oxo-1-(2,2,2-trifluoroethyl)pyrrolidine-2-carboxamide","87.05","120986","","C15H17F3N2O2"
"392",459,19.1974,101,"3-Cyano-5-ethyl-4,6-dimethyl-pyridin-2-ol","93.55"," 97677","151693-96-8","C10H12N2O"
"393",457,19.2025,101,"2,2'-Isopropylidenedifuran","95.37"," 97698","17920-88-6","C11H12O2"
"394",456,19.2054,101,"3-Cyano-5-ethyl-4,6-dimethyl-pyridin-2-ol","91.34"," 97677","151693-96-8","C10H12N2O"
"395",461,19.2081,101,"3-Cyano-5-ethyl-4,6-dimethyl-pyridin-2-ol","96.14"," 97677","151693-96-8","C10H12N2O"
"396",462,19.2135,101,"Cycloate","92.33","311010","1134-23-2","C11H21NOS"
"397",460,19.216,101,"Cycloate","94.05","311010","1134-23-2","C11H21NOS"
"398",467,19.3817,101,"Cyclopropanecarboxylic acid, 2-methyl-2-(4-methyl-3-pentenyl)-, trans-(.+-.)-","88.57","238050","105875-70-5","C11H18O2"
"399",469,19.5147,101,"N',N'''-Ethanediylidenebis(2-furohydrazide)","93.54","287938","","C12H10N4O4"
"400",470,19.5337,101,"2-Furoic acid, tridec-2-ynyl ester","89.64","288509","","C18H26O3"
"401",473,19.5473,101,"3-Methyl-4-phenyl-1H-pyrrole","94.62"," 90868","","C11H11N"
"402",472,19.5478,101,"3-Methyl-4-phenyl-1H-pyrrole","95.47"," 90868","","C11H11N"
"403",471,19.5505,101,"3-Methyl-4-phenyl-1H-pyrrole","97.96"," 90868","","C11H11N"
"404",478,19.6908,101,"Fumaric acid, 3,5-dimethylphenyl dodec-2-en-1-yl ester","94.75"," 32826","","C24H34O4"
"405",475,19.703,101,"Fumaric acid, 3,5-dimethylphenyl hept-2-yl ester","86.44"," 32391","","C19H26O4"
"406",476,19.7053,101,"1,4-Dioxaspiro[4.4]nonane-7-methanol","82.09","294471","65005-20-1","C8H14O3"
"407",474,19.7066,101,"2H-Pyran-2-one, 6-hexyltetrahydro-","79.09","315195","710-04-3","C11H20O2"
"408",480,19.7071,101,"Pyrrolidine-2,5-dione, 1-(4-ethoxyphenyl)-3-(2-oxopiperidin-3-ylamino)-","80.83","294300","","C17H21N3O4"
"409",481,19.727,101,"Disiloxane, ethylpentamethyl-","82.26"," 76019","6231-60-3","C7H20OSi2"
"410",477,19.7396,101,"Disiloxane, 1,3-diethyl-1,1,3,3,-tetramethyl-","89.52"," 51016","2295-17-2","C8H22OSi2"
"411",483,19.8873,101,"Butyric acid, p-fluorophenyl ester","87.99","304515","587-89-3","C10H11FO2"
"412",484,19.9016,101,"Butyric acid, p-fluorophenyl ester","92.80","304515","587-89-3","C10H11FO2"
"413",486,19.9082,101,"Butyric acid, p-fluorophenyl ester","92.79","304515","587-89-3","C10H11FO2"
"414",487,19.9103,101,"Butyric acid, m-fluorophenyl ester","91.95","   101","29052-04-8","C10H11FO2"
"415",485,19.9222,101,"Eicosane","97.68","346391","112-95-8","C20H42"
"416",489,19.9704,101,"Dihydrojasmone","90.52","  9237","1128-08-1","C11H18O"
"417",492,20.0212,101,"2-Nonenoic acid, methyl ester","85.78","311923","111-79-5","C10H18O2"
"418",490,20.025,101,"4-Cyclopropylmethylbenzonitrile","88.88"," 20981","161894-17-3","C11H11N"
"419",491,20.0263,101,"4-Aminopentanoic acid, N-trimethylsilyl-, trimethylsilyl ester","88.24"," 20697","","C11H27NO2Si2"
"420",493,20.0263,101,"Thiophene, 2-ethyltetrahydro-","87.58","273649","1551-32-2","C6H12S"
"421",497,20.1452,101,"Benzoic acid, 4-amino-, 2,2,6,6-tetramethyl-1-piperidinyl ester","94.01"," 28304","","C16H24N2O2"
"422",498,20.1517,101,"N,N-Dimethyl-4-(methylamino)benzenemethanamine","95.34"," 28637","1343001-27-3","C10H16N2"
"423",495,20.1522,101,"Benzoic acid, 4-amino-, 4-acetoxy-2,2,6,6-tetramethyl-1-piperidinyl ester","97.52"," 28305","","C18H26N2O4"
"424",496,20.1524,101,"Benzoic acid, 4-amino-, 4-acetoxy-2,2,6,6-tetramethyl-1-piperidinyl ester","97.72"," 28305","","C18H26N2O4"
"425",501,20.3477,101,"3-Hydroxy-.beta.-damascone","89.76","306402","102488-09-5","C13H20O2"
"426",499,20.351,101,"3-Hydroxy-.beta.-damascone","82.12","306402","102488-09-5","C13H20O2"
"427",502,20.3584,101,"2H-Pyran-2-one, tetrahydro-6-nonyl-","83.20","315345","2721-22-4","C14H26O2"
"428",500,20.3588,101,"2H-Pyran-2-one, 6-hexyltetrahydro-","81.87","315195","710-04-3","C11H20O2"
"429",504,20.632,101,"1,3-Benzodioxole, 4,5-dimethoxy-6-(2-propenyl)-","97.35","162703","484-31-1","C12H14O4"
"430",506,20.6632,101,"3-Hydroxy-7,8-dihydro-.beta.-ionol","86.29"," 62249","172705-13-4","C13H20O2"
"431",508,20.6987,101,"3-Methyl-4-phenyl-1H-pyrrole","96.88"," 90868","","C11H11N"
"432",507,20.7022,101,"3-Methyl-4-phenyl-1H-pyrrole","98.20"," 90868","","C11H11N"
"433",510,20.8829,101,"1-Methyl-4-tert-butylaminocytosine","82.00"," 39777","136308-27-5","C9H15N3O"
"434",511,20.8837,101,"Phosphinic acid, phenyl-, anhydride with diethylborinic acid","82.94"," 38457","92810-18-9","C10H16BO2P"
"435",512,20.8872,101,"Dibutyl isopropylphosphonate","86.65"," 38349","919-21-1","C11H25O3P"
"436",518,20.931,101,"1-Adamantanecarboxylic acid, 5-tetradecyl ester","82.06"," 53149","","C25H44O2"
"437",515,20.9316,101,"Cycloheptane, bromo-","95.92","157278","2404-35-5","C7H13Br"
"438",514,20.9346,101,"3-Hepten-2-one","96.08","344703","1119-44-4","C7H12O"
"439",516,20.9453,101,"1,3,5-Triacryloylhexahydro-s-triazine","95.01","344670","959-52-4","C12H15N3O3"
"440",524,21.0621,101,"Methyl 2-(methylthio)acetate","98.11","348550","16630-66-3","C4H8O2S"
"441",519,21.0667,101,"4-[(4-Aminobenzoyl)oxy]butyl 4-aminobenzoate","92.98"," 28464","53122-21-7","C18H20N2O4"
"442",520,21.0673,101,"4-[(4-Aminobenzoyl)oxy]butyl 4-aminobenzoate","95.79"," 28464","53122-21-7","C18H20N2O4"
"443",521,21.0686,101,"Benzenepropanol, 4-hydroxy-3-methoxy-","93.20"," 60214","2305-13-7","C10H14O3"
"444",523,21.0691,101,"Homovanillic acid","92.84"," 60212","306-08-1","C9H10O4"
"445",522,21.0784,101,"Benzoic acid, 4-amino-, 4-hydroximino-2,2,6,6-tetramethyl-1-piperidinyl ester","91.91"," 28303","","C16H23N3O3"
"446",532,21.1559,101,"2-Acetoxy-1,1,10-trimethyl-6,9-epidioxydecalin","81.82"," 12499","108511-84-8","C15H24O4"
"447",527,21.1561,101,"Bicyclo[3.1.0]hexane-2-undecanoic acid, methyl ester","82.15","264040","10152-73-5","C18H32O2"
"448",528,21.1563,101,"7-Oxabicyclo[4.1.0]heptane, 1-methoxy-2,2,6-trimethyl-","79.51","238637","62870-56-8","C10H18O2"
"449",526,21.1563,101,"Bicyclo[3.1.0]hexane-2-undecanoic acid, methyl ester","87.98","264040","10152-73-5","C18H32O2"
"450",531,21.1602,101,"(S)-3,3,6-Trimethylhepta-1,5-dien-4-yl acetate","77.90","269779","3465-88-1","C12H20O2"
"451",529,21.1616,101,"2,6-Dimethoxyhydroquinone","91.51","109171","15233-65-5","C8H10O4"
"452",533,21.337,101,"Arteannuic acid","89.24"," 30155","80286-58-4","C15H22O2"
"453",536,21.3373,101,"Di-epi-.alpha.-cedrene","93.07"," 25581","50894-66-1","C15H24"
"454",535,21.3374,101,"1-Phenanthrenecarboxylic acid, 7-ethenyl-1,2,3,4,4a,4b,5,6,7,9,10,10a-dodecahydro-1,4a,7-trimethyl-, methyl ester, [1R-(1.alpha.,4a.beta.,4b.alpha.,7.alpha.,10a.alpha.)]-","89.48","321139","1686-54-0","C21H32O2"
"455",534,21.3389,101,"Acetonitrile, bromo-","89.94","320580","590-17-0","C2H2BrN"
"456",537,21.5043,101,"7-Oxabicyclo[4.1.0]heptan-3-ol, 6-(3-hydroxy-1-butenyl)-1,5,5-trimethyl-","96.33"," 35797","72777-88-9","C13H22O3"
"457",541,21.5109,101,"7-Oxabicyclo[4.1.0]heptan-3-ol, 6-(3-hydroxy-1-butenyl)-1,5,5-trimethyl-","84.64"," 35797","72777-88-9","C13H22O3"
"458",545,21.5187,101,"Dibutyl isopropylphosphonate","92.49"," 38349","919-21-1","C11H25O3P"
"459",546,21.53,101,"Cyclooctasiloxane, hexadecamethyl-","86.14","216750","556-68-3","C16H48O8Si8"
"460",539,21.5305,101,"Benzaldehyde, 3-phenoxy-, (4,6-dimethyl-1,3,5-triazin-2-yl)hydrazone","87.74"," 40591","","C16H15N7O"
"461",542,21.5308,101,"Benzaldehyde, 3-phenoxy-, (4,6-dimethyl-1,3,5-triazin-2-yl)hydrazone","69.22"," 40591","","C16H15N7O"
"462",544,21.5337,101,"Cyclooctasiloxane, hexadecamethyl-","93.99","216750","556-68-3","C16H48O8Si8"
"463",543,21.5343,101,".delta.2-Tetrazaboroline, 5-ethyl-1,4-dimethyl-","89.27"," 40805","20534-01-4","C4H11BN4"
"464",538,21.5363,101,"Cyclooctasiloxane, hexadecamethyl-","97.14","216750","556-68-3","C16H48O8Si8"
"465",540,21.5369,101,"Cyclooctasiloxane, hexadecamethyl-","93.67","216750","556-68-3","C16H48O8Si8"
"466",550,21.6672,101,"n-Pentadecanol","98.77","322281","629-76-5","C15H32O"
"467",551,21.6701,101,"6-Bromohexanoic acid, octyl ester","92.04","136514","","C14H27BrO2"
"468",552,21.7854,101,"Benzaldehyde, 3-phenoxy-, (4,6-dimethyl-1,3,5-triazin-2-yl)hydrazone","89.12"," 40591","","C16H15N7O"
"469",553,21.787,101,"Benzaldehyde, 3-phenoxy-, (4,6-dimethyl-1,3,5-triazin-2-yl)hydrazone","96.40"," 40591","","C16H15N7O"
"470",554,21.7884,101,"Benzaldehyde, 3-phenoxy-, (4,6-dimethyl-1,3,5-triazin-2-yl)hydrazone","96.36"," 40591","","C16H15N7O"
"471",555,21.9739,101,"3-Buten-2-one, 4-(4-hydroxy-2,2,6-trimethyl-7-oxabicyclo[4.1.0]hept-1-yl)-","99.18","321820","38274-01-0","C13H20O3"
"472",557,21.975,101,"2-Fluorobenzoic acid, 2,6-dimethylnon-1-en-3-yn-5-yl ester","98.24"," 34535","","C18H21FO2"
"473",556,21.9831,101,"2-Fluorobenzoic acid, 2,6-dimethylnon-1-en-3-yn-5-yl ester","95.57"," 34535","","C18H21FO2"
"474",558,21.9943,101,"3,6-Dimethyl-4-octyn-3,6-diol","82.45","337743","78-66-0","C10H18O2"
"475",560,21.9969,101,"Benzene, (2-methoxyethenyl)-","93.88","279830","4747-15-3","C9H10O"
"476",559,21.9987,101,"Acetamide, N-benzyl-N-(hept-2-yl)-","92.84","279848","","C16H25NO"
"477",561,22.059,101,"Dihydroterrecyclic acid","91.38","138059","","C15H22O3"
"478",563,22.2678,101,"Phenol, 2,6-dimethoxy-4-(2-propenyl)-","96.73","334250","6627-88-9","C11H14O3"
"479",565,22.2681,101,"Phenol, 2,6-dimethoxy-4-(2-propenyl)-","95.63","334250","6627-88-9","C11H14O3"
"480",569,22.2685,101,"Phenol, 2,6-dimethoxy-4-(2-propenyl)-","95.78","334250","6627-88-9","C11H14O3"
"481",570,22.2902,101,"Phenethyl 2-((trimethylsilyl)amino)benzoate","93.52","  1255","","C18H23NO2Si"
"482",567,22.3143,101,"2-{[1-(4-Methylbenzyl)-1,2,3-triazol-4-yl]methyl}-2,3-dihydroisothiazole 1,1-dioxide","93.76","   595","","C14H16N4O2S"
"483",564,22.3267,101,"2-Cyclohexen-1-one, 4-(3-hydroxybutyl)-3,5,5-trimethyl-","95.64"," 54689","36151-02-7","C13H22O2"
"484",566,22.327,101,"2-Cyclohexen-1-one, 4-(3-hydroxybutyl)-3,5,5-trimethyl-","94.14"," 54689","36151-02-7","C13H22O2"
"485",573,22.3274,101,"2-Mercaptobenzothiazole","85.75","330647","149-30-4","C7H5NS2"
"486",571,22.3287,101,"5,5-Dimethyl-1-vinylbicyclo[2.1.1]hexane","89.41","285776","16626-39-4","C10H16"
"487",568,22.3289,101,"2-Cyclohexen-1-one, 4-(3-hydroxybutyl)-3,5,5-trimethyl-","91.02"," 54689","36151-02-7","C13H22O2"
"488",574,22.3902,101,"Ethyl isobutyl propylphosphonate","76.92"," 39638","","C9H21O3P"
"489",576,22.4873,101,"Benzoic acid, 3-methylbutyl-2 ester","95.83","302068","41757-90-8","C12H16O2"
"490",575,22.4877,101,"Benzoic acid, 3-methylbutyl-2 ester","97.08","302068","41757-90-8","C12H16O2"
"491",578,22.5553,101,"Tetratetracontane","98.63","346410","7098-22-8","C44H90"
"492",577,22.5556,101,"Ethanol, 2-(dodecyloxy)-","98.74","199125","4536-30-5","C14H30O2"
"493",581,22.6074,101,"2H-1,4-Oxazine-4-acetamide, N-(2-cyano-4,5-dimethoxyphenyl)tetrahydro-2,6-dimethyl-","88.16"," 42898","","C17H23N3O4"
"494",580,22.6095,101,"2-(2,6-Dimethylmorpholin-4-yl)ethan-1-ol","85.23"," 42922","","C8H17NO2"
"495",584,22.6309,101,"Dimethylcarbamic acid 5,7-dibromo-2-methylquinolin-8-yl ester","95.86","245272","","C13H12Br2N2O2"
"496",583,22.633,101,"Ethylamphetamine, propionyl","95.12","246258","","C14H21NO"
"497",582,22.6336,101,"Dimethylcarbamic acid 5,7-dibromo-2-methylquinolin-8-yl ester","97.49","245272","","C13H12Br2N2O2"
"498",589,22.7323,101,"Cucurbitacin b, 23,24-dihydro-25-deacetoxy-","79.58"," 14731","103251-92-9","C30H46O6"
"499",590,22.733,101,"2-Cyclohexen-1-one, 3-(3-hydroxybutyl)-2,4,4-trimethyl-","88.27","318590","27185-79-1","C13H22O2"
"500",588,22.733,101,"2-Cyclohexen-1-one, 3-(3-hydroxybutyl)-2,4,4-trimethyl-","89.74","318590","27185-79-1","C13H22O2"
"501",591,22.7402,101,"Spiro(2-oxabicyclo[2.1.0]pentane)-3,2'-oxetane, 1,5,5,3',3',4',4'-heptamethyl-","86.46"," 59175","","C13H22O2"
"502",587,22.762,101,"2-Propanone, 1-hydroxy-3-(4-hydroxy-3-methoxyphenyl)-","97.39","325102","4899-74-5","C10H12O4"
"503",586,22.7704,101,"2-Propanone, 1-hydroxy-3-(4-hydroxy-3-methoxyphenyl)-","98.54","325102","4899-74-5","C10H12O4"
"504",585,22.7732,101,"2-Propanone, 1-hydroxy-3-(4-hydroxy-3-methoxyphenyl)-","99.15","325102","4899-74-5","C10H12O4"
"505",593,22.8604,101,"7-Oxabicyclo[4.1.0]heptan-3-ol, 6-(3-hydroxy-1-butenyl)-1,5,5-trimethyl-","89.14"," 35797","72777-88-9","C13H22O3"
"506",596,22.8609,101,"7-Oxabicyclo[4.1.0]heptan-3-ol, 6-(3-hydroxy-1-butenyl)-1,5,5-trimethyl-","89.90"," 35797","72777-88-9","C13H22O3"
"507",601,22.8645,101,"Bicyclo[3.1.1]hept-2-ene, 6,6-dimethyl-2-[2-(phenylmethoxy)ethyl]-, (1S)-","93.87","312796","74851-17-5","C18H24O"
"508",605,22.8649,101,"Bicyclo[3.1.1]hept-2-ene, 6,6-dimethyl-2-[2-(phenylmethoxy)ethyl]-, (1S)-","91.22","278454","74851-17-5","C18H24O"
"509",606,22.8762,101,"4-Ethynyl-1,1'-biphenyl","91.25","119318","29079-00-3","C14H10"
"510",597,22.8775,101,"Anthracene","95.44","119315","120-12-7","C14H10"
"511",603,22.8806,101,"1,3,5-Tri-O-benzoyl-.alpha.-d-ribofuranose","97.83","303951","","C26H22O8"
"512",598,22.9022,101,"Phenanthrene","94.74","332175","85-01-8","C14H10"
"513",607,22.9053,101,"4-Oxo-4,5,6,7-tetrahydrobenzofuran-3-carboxylic acid, TMS","83.88","172677","","C12H16O4Si"
"514",599,22.9762,101,"Benzene, 1-ethyl-2,3,4,5,6-pentafluoro-","97.09","122893","2251-81-2","C8H5F5"
"515",592,22.9789,101,"Benzene, 1-ethyl-2,3,4,5,6-pentafluoro-","97.56","122893","2251-81-2","C8H5F5"
"516",595,22.9799,101,"Benzene, 1-ethyl-2,3,4,5,6-pentafluoro-","96.56","122893","2251-81-2","C8H5F5"
"517",594,22.982,101,"Ethanone, 1,2-diphenyl-","98.83","316655","451-40-1","C14H12O"
"518",602,22.9914,101,"Benzenemethanethiol, TMS derivative","90.42","281546","14629-67-5","C10H16SSi"
"519",600,22.9929,101,"1-Hexanone, 1,2-diphenyl-","94.03","304840","2371-23-5","C18H20O"
"520",616,23.0157,101,"(R)-(+)-3-Aminoquinuclidine, N-trimethylsilyl-","85.18"," 43172","","C10H22N2Si"
"521",615,23.0442,101,"(E)-4-(3-Hydroxyprop-1-en-1-yl)-2-methoxyphenol","85.14"," 60090","32811-40-8","C10H12O3"
"522",613,23.0472,101,"(E)-4-(3-Hydroxyprop-1-en-1-yl)-2-methoxyphenol","92.52"," 60090","32811-40-8","C10H12O3"
"523",612,23.0688,101,"Benzoic acid, 4-amino-, 4-acetoxy-2,2,6,6-tetramethyl-1-piperidinyl ester","94.99"," 28305","","C18H26N2O4"
"524",609,23.0776,101,"Benzoic acid, 4-amino-, 4-acetoxy-2,2,6,6-tetramethyl-1-piperidinyl ester","98.51"," 28305","","C18H26N2O4"
"525",611,23.0828,101,"Benzoic acid, 4-amino-, 4-acetoxy-2,2,6,6-tetramethyl-1-piperidinyl ester","97.37"," 28305","","C18H26N2O4"
"526",610,23.0833,101,"Benzoic acid, 4-amino-, 4-acetoxy-2,2,6,6-tetramethyl-1-piperidinyl ester","97.93"," 28305","","C18H26N2O4"
"527",614,23.0938,101,"Benzenamine, 4-butyl-2-methyl-","93.40"," 28634","72072-16-3","C11H17N"
"528",618,23.2448,101,"N-Benzyl-N-ethoxycarbonyl-D-phenylalanine, methyl ester","93.77","281458","","C20H23NO4"
"529",620,23.245,101,"1-Benzylamino-4-benzyloxybutane","87.47","281463","60058-23-3","C18H23NO"
"530",619,23.2459,101,"Methyl (2E)-3-(4-hydroxyphenyl)-2-propenoate","93.87"," 76352","19367-38-5","C10H10O3"
"531",621,23.2602,101,"Oxalic acid, hexadecyl 2-isopropoxyphenyl ester","85.25","  8646","","C27H44O5"
"532",631,23.2853,101,"Methyl 2-(methylthio)acetate","93.51","234613","16630-66-3","C4H8O2S"
"533",624,23.2948,101,"Benzoic acid, 4-amino-, 4-hydroximino-2,2,6,6-tetramethyl-1-piperidinyl ester","97.76"," 28303","","C16H23N3O3"
"534",622,23.3056,101,"Benzoic acid, 4-amino-, 4-hydroximino-2,2,6,6-tetramethyl-1-piperidinyl ester","98.39"," 28303","","C16H23N3O3"
"535",623,23.3084,101,"Benzoic acid, 4-amino-, 4-hydroximino-2,2,6,6-tetramethyl-1-piperidinyl ester","98.80"," 28303","","C16H23N3O3"
"536",626,23.3244,101,"Methyl 2-(methylthio)acetate","92.62","348550","16630-66-3","C4H8O2S"
"537",634,23.3712,101,"Benzene, 1-butoxy-4-(4-propylcyclohexyl)-, trans-","85.18"," 50668","79709-84-5","C19H30O"
"538",627,23.3757,101,"Glycine, N-(4-ethylbenzoyl)-, hexadecyl ester","89.01"," 51029","","C27H45NO3"
"539",630,23.3808,101,"4-Ethylbenzoic acid, 3-chloroprop-2-enyl ester","79.76"," 51318","","C12H13ClO2"
"540",628,23.41,101,"3-Methylbutyl propylphosphonofluoridate","88.35"," 41562","","C8H18FO2P"
"541",632,23.4146,101,"2-(1-Methyl-1H-tetrazol-5-ylsulfanyl)-N-thiazol-2-yl-acetamide","88.86"," 41416","","C7H8N6OS2"
"542",625,23.4626,101,"L-Tryptophanamide, N-methoxycarbonyl-","96.48"," 47122","","C13H15N3O3"
"543",629,23.4632,101,"Indole-3-propionitrile, .alpha.-formamido-","96.75"," 47120","","C12H11N3O"
"544",633,23.4684,101,"DL-Tryptophan, N-glycyl-","94.66"," 47192","2189-26-6","C13H15N3O3"
"545",638,23.5038,101,"butanedioic acid, 2-cyano-3-methyl-, diethyl ester","92.29","236909","","C10H15NO4"
"546",637,23.5066,101,"butanedioic acid, 2-cyano-3-methyl-, diethyl ester","91.70","236909","","C10H15NO4"
"547",639,23.5891,101,"methanesulfonamide, N-(2-aminophenyl)-","85.80","262918","","C7H10N2O2S"
"548",641,23.7604,101,"Benzene, (1-ethyldecyl)-","90.71","312929","2400-00-2","C18H30"
"549",640,23.7679,101,"6-Hydroxy-4,4,7a-trimethyl-5,6,7,7a-tetrahydrobenzofuran-2(4H)-one","93.18","  9768","73410-02-3","C11H16O3"
"550",650,23.7831,101,"4-Methoxyanthranilic acid","77.84"," 80451","4294-95-5","C8H9NO3"
"551",643,23.7862,101,"1-(2-Hydroxyphenyl)-2-pyrrolidinone","96.76"," 33231","19734-02-2","C10H11NO2"
"552",649,23.7873,101,"Terephthalic acid, ethyl 2-fluorophenethyl ester","95.48"," 33235","","C18H17FO4"
"553",644,23.7881,101,"1-(2-Hydroxyphenyl)-2-pyrrolidinone","97.11"," 33231","19734-02-2","C10H11NO2"
"554",652,23.7917,101,"Isophthalic acid, ethyl tridec-2-ynyl ester","94.71","118220","","C23H32O4"
"555",654,23.8231,101,"1-(2-Hydroxyphenyl)-2-pyrrolidinone","81.86"," 33231","19734-02-2","C10H11NO2"
"556",655,23.9044,101,"2-(m-Bromophenylazo)naphthalene","87.54"," 42427","94934-85-7","C16H11BrN2"
"557",646,23.9045,101,"2,5-Pyrrolidinedione, 3-ethyl-1,3-dimethyl-","87.82"," 41418","13861-99-9","C8H13NO2"
"558",651,23.9146,101,"3,7 Dimethyloctyl propylphosphonofluoridate","89.70"," 41564","","C13H28FO2P"
"559",653,23.9463,101,"1-Ethyl-2-methylpropyl isopropylphosphonofluoridate (isomer 1)","84.84"," 42469","","C9H20FO2P"
"560",656,23.9497,101,"2-Acetyl-3,3-dimethyl-2-(3-oxo-butyl)-cyclopentanone","74.74"," 51286","","C13H20O3"
"561",647,23.9503,101,"2-Acetyl-3,3-dimethyl-2-(3-oxo-butyl)-cyclopentanone","82.48"," 51286","","C13H20O3"
"562",645,23.9564,101,"3,5-Dimethoxy-4-hydroxybenzeneethanol","93.32","105257","20824-45-7","C10H14O4"
"563",648,23.9574,101,"3,5-Dimethoxy-4-hydroxybenzeneethanol","95.35","105257","20824-45-7","C10H14O4"
"564",658,24.1713,101,"5-(4-Methyl-2-nitro-phenoxymethyl)-furan-2-carboxylic acid amide","98.56"," 37131","","C13H12N2O5"
"565",659,24.1719,101,"5-(4-Methyl-2-nitro-phenoxymethyl)-furan-2-carboxylic acid amide","97.88"," 37131","","C13H12N2O5"
"566",663,24.1765,101,"3-Methyl-5-nonylpyrrolizidine","97.92"," 36731","","C17H33N"
"567",661,24.1961,101,"Aspidospermidine-3-carboxylic acid, 2,3-didehydro-1-methyl-, methyl ester, (5.alpha.,12.beta.,19.alpha.)-","90.81"," 37755","19074-77-2","C22H28N2O2"
"568",664,24.21,101,"3(2H)-Oxazolecarboxylic acid, 5-acetyl-2-(1,1-dimethylethyl)-, methyl ester, (R)-","80.36"," 40996","116842-08-1","C11H17NO4"
"569",662,24.2103,101,"DL-Norleucine, N-allyloxycarbonyl-, propyl ester","77.36","108973","","C13H23NO4"
"570",660,24.2103,101,"DL-Norleucine, N-allyloxycarbonyl-, propyl ester","75.42","108973","","C13H23NO4"
"571",671,24.237,101,"5,9-Undecadien-2-one, 6,10-dimethyl-","90.92","297850","689-67-8","C13H22O"
"572",669,24.249,101,"Geranyl vinyl ether","93.43","238092","","C12H20O"
"573",670,24.2626,101,"butanedioic acid, 2-cyano-3-methyl-, diethyl ester","85.83","236909","","C10H15NO4"
"574",667,24.2691,101,"butanedioic acid, 2-cyano-3-methyl-, diethyl ester","90.96","236909","","C10H15NO4"
"575",668,24.2739,101,"butanedioic acid, 2-cyano-3-methyl-, diethyl ester","90.67","236909","","C10H15NO4"
"576",673,24.306,101,"Triacontane","96.86","346772","638-68-6","C30H62"
"577",672,24.3108,101,"Triacontane","98.47","346772","638-68-6","C30H62"
"578",674,24.3906,101,"N-Tert-butoxycarbonyl-2-(1-azido-4-hydroxybutyl)pyrrolidine","87.74"," 14465","","C13H24N4O3"
"579",678,24.4578,101,"1H-Pyrrole-2,5-dione, 3-(1,3,3a,4,7,7a-hexahydro-2H-isoindol-2-yl)dihydro-1-(4-methylphenyl)-","72.57"," 33087","","C19H22N2O2"
"580",676,24.4652,101,"3-Tetrahydrothiopyran-4-yl]-2-oxazolidinone-S,S-dioxide","77.81","237475","37018-14-7","C8H13NO4S"
"581",677,24.4675,101,"4-Amino-2,6-dihydroxypyrimidine","83.47","322859","873-83-6","C4H5N3O2"
"582",683,24.5206,101,"benzenecarbothioic acid, S-(1,2,3,4-tetrahydro-1-oxo-2-naphthalenyl) ester","91.86","   678","","C17H14O2S"
"583",679,24.5223,101,"1H-Indole-3-carboxaldehyde","97.07","326449","487-89-8","C9H7NO"
"584",680,24.5229,101,"1H-Indole-3-carboxaldehyde","96.70","326449","487-89-8","C9H7NO"
"585",682,24.5229,101,"1H-Indole-3-carboxaldehyde","96.83","326454","487-89-8","C9H7NO"
"586",685,24.5234,101,"Oxalic acid, isohexyl neopentyl ester","95.42","302304","","C13H24O4"
"587",686,24.525,101,"Nonane, 5-methyl-5-propyl-","93.89","244195","17312-75-3","C13H28"
"588",681,24.5256,101,"benzenecarbothioic acid, S-(1,2,3,4-tetrahydro-1-oxo-2-naphthalenyl) ester","90.02","   678","","C17H14O2S"
"589",688,24.593,101,"Cyclo(L-prolyl-L-valine)","96.30","242993","2854-40-2","C10H16N2O2"
"590",689,24.6154,101,"4-(1,3,3-Trimethyl-bicyclo[4.1.0]hept-2-yl)-but-3-en-2-one","88.49","  6545","77143-31-8","C14H22O"
"591",691,24.6768,101,"1,3-Propanedione, 1,3-bis(tricyclo[3.3.1.1(3,7)]dec-1-yl)-","82.15","149285","82094-53-9","C23H32O2"
"592",690,24.6788,101,"2-Fluoro-5-(trifluoromethoxy)benzonitrile","79.82","149114","886498-08-4","C8H3F4NO"
"593",695,24.8548,101,"Fumaric acid, ethyl 3-methylbut-2-yl ester","94.62"," 41572","","C11H18O4"
"594",694,24.8892,101,"3,5,5-Trimethylcyclohexyl propylphosphonofluoridate","80.38"," 41912","","C12H24FO2P"
"595",693,24.8921,101,"2,5-Pyrrolidinedione, 3-ethyl-1,3-dimethyl-","84.44"," 41418","13861-99-9","C8H13NO2"
"596",696,24.9126,101,"1,9-Dioxacyclohexadeca-4,13-diene-2-10-dione, 7,8,15,16-tetramethyl-","84.89"," 87518","","C18H28O4"
"597",702,24.9127,101,"Acetamide, 2-(adamantan-1-yl)-N-(4,5,6,7-tetrahydrobenzothiazol-2-yl)-","90.16"," 87376","","C19H26N2OS"
"598",697,24.9201,101,"Acetamide, 2-(adamantan-1-yl)-N-(4,5,6,7-tetrahydrobenzothiazol-2-yl)-","88.85"," 87376","","C19H26N2OS"
"599",703,24.9302,101,"Cyclononasiloxane, octadecamethyl-","65.63","256008","556-71-8","C18H54O9Si9"
"600",705,24.9303,101,"2-Fluorophenethyl alcohol, methyl ether","80.91","115552","","C9H11FO"
"601",699,24.9388,101,"Phenol, 2-methoxy-5-acetoxymethyl-","73.74"," 87387","","C10H12O4"
"602",701,24.9396,101,"4-(1,3,3-Trimethyl-bicyclo[4.1.0]hept-2-yl)-but-3-en-2-one","83.34","  6545","77143-31-8","C14H22O"
"603",698,24.9574,101,"1,9-Dioxacyclohexadeca-4,13-diene-2-10-dione, 7,8,15,16-tetramethyl-","78.22"," 87518","","C18H28O4"
"604",708,24.9852,101,"5,7-Dimethyl-9-hydroxy-2,3-dihydro-1H-cyclopenta[b]quinoline","87.98","155543","","C14H15NO"
"605",700,24.9894,101,"Cyclononasiloxane, octadecamethyl-","95.15","256008","556-71-8","C18H54O9Si9"
"606",704,24.9901,101,"Cyclononasiloxane, octadecamethyl-","92.54","256008","556-71-8","C18H54O9Si9"
"607",706,25.0213,101,"5,7-Dimethyl-9-hydroxy-2,3-dihydro-1H-cyclopenta[b]quinoline","96.61","155543","","C14H15NO"
"608",707,25.0549,101,"L-Alanyl-L-norleucine, N-dimethylaminomethylene-, methyl ester","97.18","293733","","C13H25N3O3"
"609",709,25.0621,101,"5-Hexyl-5-methyloxolan-2-one","91.23","293631","7011-83-8","C11H20O2"
"610",711,25.0945,101,"(-)-Isolongifolol, methyl ether","87.55","288932","","C16H28O"
"611",712,25.1008,101,"Benzene, (1-butyloctyl)-","94.15","313154","2719-63-3","C18H30"
"612",713,25.3347,101,"Tricyclo[3.1.0.0(2,4)]hexane, 3,6-diethyl-3,6-dimethyl-, trans-","82.37","  4607","","C12H20"
"613",740,25.4241,101,"Caffeine","99.36","334261","58-08-2","C8H10N4O2"
"614",715,25.4263,101,"Caffeine","99.24","334261","58-08-2","C8H10N4O2"
"615",754,25.4263,101,"Caffeine","98.88","334259","58-08-2","C8H10N4O2"
"616",761,25.4281,101,"2,3-Pyridinediamine","91.59","  7000","452-58-4","C5H7N3"
"617",722,25.4293,101,"Caffeine","96.92","334259","58-08-2","C8H10N4O2"
"618",727,25.4349,101,"2,3-Pyridinediamine","92.44","  7000","452-58-4","C5H7N3"
"619",718,25.4393,101,"2-(4-Fluorophenyl)-2-(4-morpholinyl)ethanamine, N-acetyl-","97.85","138937","1387204-29-6","C14H19FN2O2"
"620",725,25.4465,101,"Caffeine","99.40","334259","58-08-2","C8H10N4O2"
"621",736,25.53,101,"2,3-Pyridinediamine","92.85","  7000","452-58-4","C5H7N3"
"622",743,25.5374,101,"(4R,6S,9aR)-4,6-Dibutyloctahydro-1H-quinolizine","97.89","139275","","C17H33N"
"623",720,25.553,101,"2-(4-Fluorophenyl)-2-(4-morpholinyl)ethanamine, N-acetyl-","97.98","138937","1387204-29-6","C14H19FN2O2"
"624",730,25.6118,101,"(4R,6S,9aR)-4,6-Dibutyloctahydro-1H-quinolizine","97.24","139275","","C17H33N"
"625",773,25.6414,101,"2-Amino-4-methylpyrimidine","94.99","318415","108-52-1","C5H7N3"
"626",760,25.6458,101,"Caffeine","97.30","334259","58-08-2","C8H10N4O2"
"627",716,25.6693,101,"Caffeine","98.92","334259","58-08-2","C8H10N4O2"
"628",779,25.7042,101,"Silane, (3-iodopropyl)trimethyl-","85.62","252001","18135-48-3","C6H15ISi"
"629",721,25.7109,101,"2H-1-Benzopyran-3-carbonitrile, 4-methyl-2-oxo-","94.77","333257","24526-69-0","C11H7NO2"
"630",731,25.7119,101,"2H-1-Benzopyran-3-carbonitrile, 4-methyl-2-oxo-","94.95","333257","24526-69-0","C11H7NO2"
"631",752,25.7126,101,"acetamide, N-(2,3-dihydro-7-hydroxy-5-oxo-5H-thiazolo[3,2-a]pyrimidin-6-yl)-","93.82","128524","","C8H9N3O3S"
"632",738,25.7353,101,"Caffeine","98.93","334259","58-08-2","C8H10N4O2"
"633",764,25.7692,101,"Pentacyclo[9.1.0.0(2,4).0(5,7).0(8,10)]dodecane, 3,3,6,6,9,9,12,12-octamethoxy-","93.13","   512","","C20H32O8"
"634",735,25.793,101,"Silanamine, N-[bis(trimethylsilyl)ethenylidene]-1,1,1-trimethyl-","93.96","175762","7351-44-2","C11H27NSi3"
"635",751,25.7937,101,"Silanamine, N-[bis(trimethylsilyl)ethenylidene]-1,1,1-trimethyl-","93.12","175762","7351-44-2","C11H27NSi3"
"636",723,25.8086,101,"5-(1,1-Dimethyl-5-oxohexyl)-2-methyl-1H-pyrrole-3-carboxylic acid, methyl ester","95.89","121492","107675-02-5","C15H23NO3"
"637",746,25.8106,101,"Flecainide, N,N'-bis(trifluoroacetyl)","97.61","121716","","C21H18F12N2O5"
"638",756,25.8356,101,"5-(1,1-Dimethyl-5-oxohexyl)-2-methyl-1H-pyrrole-3-carboxylic acid, methyl ester","97.16","121492","107675-02-5","C15H23NO3"
"639",714,25.8503,101,"Purine-2,6(1H,3H)-dione, 1-(2-ethenyloxyethyl)-3,7-dimethyl-","99.08","120894","","C11H14N4O3"
"640",728,25.8524,101,"Caffeine","89.67","349034","58-08-2","C8H10N4O2"
"641",763,25.8747,101,"2-(4-Fluorophenyl)-2-(4-morpholinyl)ethanamine, N-acetyl-","96.39","138937","1387204-29-6","C14H19FN2O2"
"642",733,25.8782,101,"5-(1,1-Dimethyl-5-oxohexyl)-2-methyl-1H-pyrrole-3-carboxylic acid, methyl ester","98.32","121492","107675-02-5","C15H23NO3"
"643",717,25.8803,101,"5-(1,1-Dimethyl-5-oxohexyl)-2-methyl-1H-pyrrole-3-carboxylic acid, methyl ester","99.21","121492","107675-02-5","C15H23NO3"
"644",770,25.9665,101,"2-Benzamidoethyl trisulfide","81.81","  1094","98964-66-0","C18H20N2O2S3"
"645",729,25.9672,101,"1-Methyl-2,5-dipropyldecahydroquinoline","97.72","139266","1159498-73-3","C16H31N"
"646",737,25.9746,101,"Benzoic acid, 4-methylpent-2-yl ester","92.99","304740","","C13H18O2"
"647",784,25.9761,101,"1-Eicosene","91.34","291198","3452-07-1","C20H40"
"648",750,25.9767,101,"Benzoic acid, 4-methylpent-2-yl ester","95.51","304740","","C13H18O2"
"649",778,26.0119,101,"Benzoic acid, 2-ethylhexyl ester","88.61","316359","5444-75-7","C15H22O2"
"650",767,26.0177,101,"2,3-Pyridinediamine","92.46","  7000","452-58-4","C5H7N3"
"651",775,26.032,101,"1,7-Dimethylxanthine","86.61","332467","611-59-6","C7H8N4O2"
"652",745,26.0326,101,"1,7-Dimethylxanthine","95.79","332467","611-59-6","C7H8N4O2"
"653",734,26.0353,101,"1,7-Dimethylxanthine","97.53","332467","611-59-6","C7H8N4O2"
"654",771,26.036,101,"5,7-Dimethyl-2-methylsulfanyl-[1,2,4]triazolo[1,5-a]pyrimidine","93.75","139047","","C8H10N4S"
"655",755,26.0362,101,"1,7-Dimethylxanthine","95.20","332467","611-59-6","C7H8N4O2"
"656",747,26.0416,101,"Caffeine","97.71","334261","58-08-2","C8H10N4O2"
"657",776,26.0576,101,"1H-Purine-2,6-dione,3,7-dihydro-3-methyl-8-morpholinomethyl","92.64","121419","","C11H15N5O3"
"658",787,26.0837,101,"3-Furancarboxylic acid, (3R,5S,5aS,6S,9aR)-6-[(3-furanylcarbonyl)oxy]octahydro-9-hydroxy-2,2,5a,9-tetramethyl-2H-3,9a-methano-1-benzoxepin-5-yl ester, rel-","89.03","288147","1214647-90-1","C25H30O8"
"659",724,26.0906,101,"2-(4-Fluorophenyl)-2-(4-morpholinyl)ethanamine, N-acetyl-","97.04","138937","1387204-29-6","C14H19FN2O2"
"660",732,26.1662,101,"Caffeine","96.13","334259","58-08-2","C8H10N4O2"
"661",772,26.1983,101,"Caffeine","95.44","334259","58-08-2","C8H10N4O2"
"662",748,26.245,101,"1-Methyl-2,5-dipropyldecahydroquinoline","97.04","139266","1159498-73-3","C16H31N"
"663",799,26.2733,101,"Theobromine, TBDMS derivative","88.64","172679","","C13H22N4O2Si"
"664",802,26.2788,101,"4-Oxo-4,5,6,7-tetrahydrobenzofuran-3-carboxylic acid, TMS","80.49","172677","","C12H16O4Si"
"665",795,26.288,101,"3'-(trifluoromethyl)-[1,1'-biphenyl]-3-amine","86.28","172538","400749-02-2","C13H10F3N"
"666",800,26.289,101,"4-Imidazolidinepropanoic acid, 3-benzoyl-2-(1,1-dimethylethyl)-1,4-dimethyl-5-oxo-, (2S-cis)-","81.60","   974","103825-55-4","C19H26N2O4"
"667",790,26.2901,101,"Dihydrosyringenin","96.99","106430","20736-25-8","C11H16O4"
"668",792,26.2904,101,"Dihydrosyringenin","94.73","106430","20736-25-8","C11H16O4"
"669",797,26.2907,101,"5-(3-Hydroxypropyl)-2,3-dimethoxyphenol","95.38","106779","63543-12-4","C11H16O4"
"670",798,26.292,101,"Buphedrone, N-TFA","81.82","330807","","C13H14F3NO2"
"671",741,26.3182,101,"2-(4-Fluorophenyl)-2-(4-morpholinyl)ethanamine, N-acetyl-","95.67","138937","1387204-29-6","C14H19FN2O2"
"672",796,26.4031,101,"Triacontane","94.64","346772","638-68-6","C30H62"
"673",803,26.4109,101,"Sulfurous acid, 2-ethylhexyl hexyl ester","83.69","208974","","C14H30O3S"
"674",791,26.4149,101,"Tetramethyl orthocarbonate","97.79","316347","1850-14-2","C5H12O4"
"675",788,26.4175,101,"Tetramethyl orthocarbonate","99.56","301689","1850-14-2","C5H12O4"
"676",789,26.4268,101,"Benzaldehyde, 3-bromo-5-methoxy-4-[(4-methylphenyl)methoxy]-","98.67","303209","351066-31-4","C16H15BrO3"
"677",793,26.4315,101,"Benzoic acid, 3-methylbutyl-2 ester","97.13","302068","41757-90-8","C12H16O2"
"678",794,26.4344,101,"Benzoic acid, 2-ethylhexyl ester","96.26","316359","5444-75-7","C15H22O2"
"679",739,26.4984,101,"1-Methyl-2,5-dipropyldecahydroquinoline","97.65","139266","1159498-73-3","C16H31N"
"680",759,26.5187,101,"9-Hexadecenoic acid, methyl ester, (Z)-","95.10","147346","1120-25-8","C17H32O2"
"681",719,26.5475,101,"7-Oxabicyclo[4.1.0]heptan-3-ol, 6-(3-hydroxy-1-butenyl)-1,5,5-trimethyl-","89.78"," 35797","72777-88-9","C13H22O3"
"682",766,26.5479,101,"Dicyclohexyl propylphosphonate","91.04"," 39110","883290-77-5","C15H29O3P"
"683",726,26.5487,101,"Dicyclohexyl propylphosphonate","90.63"," 39110","883290-77-5","C15H29O3P"
"684",742,26.5493,101,"7-Oxabicyclo[4.1.0]heptan-3-ol, 6-(3-hydroxy-1-butenyl)-1,5,5-trimethyl-","89.83"," 35797","72777-88-9","C13H22O3"
"685",774,26.5571,101,"2-Fluorobenzylamine, N,N-dibutyl","92.08","138936","","C15H24FN"
"686",753,26.5906,101,"(4R,6S,9aR)-4,6-Dibutyloctahydro-1H-quinolizine","94.21","139275","","C17H33N"
"687",769,26.5989,101,"11-Hexadecenoic acid, methyl ester","87.09","149597","55000-42-5","C17H32O2"
"688",777,26.6022,101,"Pyrrolo[1,2-a]pyrazine-1,4-dione, hexahydro-3-(2-methylpropyl)-","81.63","306644","5654-86-4","C11H18N2O2"
"689",744,26.6041,101,"9-Hexadecenoic acid, methyl ester, (Z)-","96.59","344841","1120-25-8","C17H32O2"
"690",765,26.6089,101,"Hexahydro-3-(1-methylpropyl)pyrrolo[1,2-a]pyrazine-1,4-dione","94.68"," 87006","58917-56-9","C11H18N2O2"
"691",808,26.6688,101,"Benzoic acid, 2,4-dimethylpent-3-yl ester","94.74","   260","","C14H20O2"
"692",807,26.7219,101,"2-Octyl benzoate","91.49","303463","6938-51-8","C15H22O2"
"693",749,26.74,101,"(4R,6S,9aR)-4,6-Dibutyloctahydro-1H-quinolizine","95.84","139275","","C17H33N"
"694",809,26.9291,101,"Carbonic acid, eicosyl vinyl ester","96.05","212127","","C23H44O3"
"695",810,26.9365,101,"Tetracontane","95.64","346738","4181-95-7","C40H82"
"696",814,26.9608,101,"1,3-Dioxolane, 2-methyl-2-(3-methylbutyl)-","97.41","273204","14447-30-4","C9H18O2"
"697",811,26.9608,101,"Pentadecanoic acid, methyl ester","98.01","308843","7132-64-1","C16H32O2"
"698",816,26.9628,101,"1,3-Dioxolane, 2-methyl-2-(4-methyl-3-cyclohexen-1-yl)-","94.21","273185","6090-08-0","C11H18O2"
"699",818,26.9696,101,"Ethyl hydrogen malonate","88.88","273628","1071-46-1","C5H8O4"
"700",817,27.0236,101,"2-Pyrrolidinone, 1-(4-methylphenyl)-","94.16"," 28657","3063-79-4","C11H13NO"
"701",815,27.0254,101,"2-Pyrrolidinone, 1-(4-methylphenyl)-","93.57"," 28657","3063-79-4","C11H13NO"
"702",812,27.0291,101,"Benzoic acid, 4-amino-, 4-hydroximino-2,2,6,6-tetramethyl-1-piperidinyl ester","95.64"," 28303","","C16H23N3O3"
"703",813,27.0295,101,"2-Pyrrolidinone, 1-(4-methylphenyl)-","94.79"," 28657","3063-79-4","C11H13NO"
"704",819,27.0594,101,"4-Iodoimidazole","96.04","334241","71759-89-2","C3H3IN2"
"705",822,27.1257,101,"2-Phenylethylamine, N-(2-fluorophenyl)-","97.34"," 38140","","C14H14FN"
"706",820,27.1375,101,"(S,E)-4-Hydroxy-3,5,5-trimethyl-4-(3-oxobut-1-en-1-yl)cyclohex-2-enone","93.27"," 36694","39763-33-2","C13H18O3"
"707",821,27.1503,101,"Benzoic acid, dec-2-yl ester","89.59","   259","","C17H26O2"
"708",823,27.1569,101,"Benzoic acid, dec-2-yl ester","90.23","   259","","C17H26O2"
"709",825,27.2533,101,"Octahydrodipyrrolo[1,2-a","98.61","243161","","C10H14N2O2"
"710",830,27.2558,101,"2,7-Dimethyl-1,7-octadien-3-amine","96.26","241998","77984-57-7","C10H19N"
"711",826,27.2573,101,"Octahydrodipyrrolo[1,2-a","98.33","243161","","C10H14N2O2"
"712",828,27.2627,101,"Octahydrodipyrrolo[1,2-a","94.80","243161","","C10H14N2O2"
"713",827,27.2795,101,"2-Isopropyl-5-methylhex-2-enal","84.78","327725","35158-25-9","C10H18O"
"714",831,27.2812,101,"Ascaridole","83.41","306085","512-85-6","C10H16O2"
"715",829,27.2821,100,"2-(4-Fluorophenyl)-2-(4-morpholinyl)ethanamine, N-acetyl-","94.44","138937","1387204-29-6","C14H19FN2O2"
"716",832,27.3412,101,"4-tert-Butoxystyrene","85.34"," 27710","95418-58-9","C12H16O"
"717",833,27.3436,101,"4-tert-Butoxystyrene","88.30"," 27710","95418-58-9","C12H16O"
"718",835,27.3497,101,"Benzoic acid, undecyl ester","90.90","317224","6316-30-9","C18H28O2"
"719",838,27.4947,101,"Benzoic acid, dec-2-yl ester","88.86","   259","","C17H26O2"
"720",837,27.4972,101,"Benzoic acid, dec-2-yl ester","93.87","   259","","C17H26O2"
"721",839,27.6808,101,"2,3-2H-4-Methyl-imidazole-2-one","95.77","292297","39799-77-4","C4H6N2O"
"722",840,27.6811,101,"N-(1-Cyclopropyl-ethyl)-N-phenyl-2-piperidin-1-yl-acetamide","95.78","292217","","C18H26N2O"
"723",841,27.6825,101,"Acetamide, 2-piperidin-1-yl-N-(4-trifluoromethoxyphenyl)-","95.23","292617","","C14H17F3N2O2"
"724",843,27.7419,101,"l-(+)-Ascorbic acid 2,6-dihexadecanoate","93.49","214289","28474-90-0","C38H68O8"
"725",844,27.7446,101,"l-(+)-Ascorbic acid 2,6-dihexadecanoate","88.84","214289","28474-90-0","C38H68O8"
"726",849,27.8216,101,"Glycine, 2-cyclohexyl-N-(but-3-yn-1-yl)oxycarbonyl-, decyl ester","97.77","152166","","C23H39NO4"
"727",857,27.8328,101,"Glycine, 2-cyclohexyl-N-(but-3-yn-1-yl)oxycarbonyl-, decyl ester","95.34","152166","","C23H39NO4"
"728",846,27.8471,101,"Xanthine, 1,3,7,8-tetramethyl-","99.03","335829","832-66-6","C9H12N4O2"
"729",847,27.8495,101,"(2R,4aS,5S,8aS)-2,5-Dipentyldecahydroquinoline","96.37","152155","220024-74-8","C19H37N"
"730",851,27.8507,101,"Xanthine, 1,3,7,8-tetramethyl-","98.80","335829","832-66-6","C9H12N4O2"
"731",855,27.9398,101,"Glycine, 2-cyclohexyl-N-(but-3-yn-1-yl)oxycarbonyl-, decyl ester","92.04","152166","","C23H39NO4"
"732",853,27.9521,101,"Glycine, 2-cyclohexyl-N-(but-3-yn-1-yl)oxycarbonyl-, decyl ester","97.72","152166","","C23H39NO4"
"733",848,27.9535,101,"Glycine, 2-cyclohexyl-N-(but-3-yn-1-yl)oxycarbonyl-, decyl ester","93.53","152166","","C23H39NO4"
"734",852,27.9562,101,"Benzeneacetic acid, 4-hydroxy-3,5-dimethoxy-, methyl ester","95.90","105364","151292-83-0","C11H14O5"
"735",854,27.9595,101,"Benzeneacetic acid, 4-hydroxy-3,5-dimethoxy-, methyl ester","95.87","105364","151292-83-0","C11H14O5"
"736",850,27.9674,101,"Glycine, 2-cyclohexyl-N-(but-3-yn-1-yl)oxycarbonyl-, decyl ester","94.28","152166","","C23H39NO4"
"737",860,28.0875,101,"1,3,2-Oxazaborolane-4-carboxylic acid, 2-butyl-, methyl ester, L-","81.52"," 40511","31970-40-8","C8H16BNO3"
"738",858,28.0879,101,"4-Amino-2,2,5,5-tetramethyl-3-imidazoline-1-oxyl","85.62"," 40329","69826-42-2","C7H14N3O"
"739",859,28.0882,101,"(2S,6R)-2,6-Dimethyl-2-(2-(4-methylfuran-3-yl)ethyl)cyclohexanone","87.87"," 40725","311351-17-4","C15H22O2"
"740",864,28.4198,101,"Cyclodecasiloxane, eicosamethyl-","88.72","254024","18772-36-6","C20H60O10Si10"
"741",865,28.42,101,"2-(2',4',4',6',6',8',8'-Heptamethyltetrasiloxan-2'-yloxy)-2,4,4,6,6,8,8,10,10-nonamethylcyclopentasiloxane","90.73","246949","145344-72-5","C16H48O10Si9"
"742",866,28.5573,101,"Theophylline","98.02","332484","58-55-9","C7H8N4O2"
"743",867,28.5592,101,"l-Leucine, N-(2-furoyl)-, tetradecyl ester","97.89","121113","","C25H43NO4"
"744",868,28.5629,101,"Theophylline","97.79","332484","58-55-9","C7H8N4O2"
"745",872,28.6245,101,"trans-Sinapyl alcohol","94.64","153594","20675-96-1","C11H14O4"
"746",873,28.6279,101,"Hexadecanoic acid, ethyl ester","83.75","312118","628-97-7","C18H36O2"
"747",876,28.6356,101,"Diethylene glycol monododecyl ether","94.31","202309","3055-93-4","C16H34O3"
"748",875,28.6364,101,"Diethylene glycol monododecyl ether","97.68","202309","3055-93-4","C16H34O3"
"749",870,28.6384,101,"Ethyl tridecanoate","98.18","312103","28267-29-0","C15H30O2"
"750",871,28.6396,101,"2-Methylpentadecanoic acid, Me derivative","98.27","274245","","C17H34O2"
"751",877,28.8026,101,"Heneicosane","98.24","346737","629-94-7","C21H44"
"752",880,29.0607,101,"1,2,4-Triazole, 3-(3,6-dimethoxybenzylidenamino)-","94.70","146133","301201-72-9","C11H12N4O2"
"753",879,29.0633,101,"1,2,4-Triazole, 3-(3,6-dimethoxybenzylidenamino)-","95.43","146133","301201-72-9","C11H12N4O2"
"754",881,29.0746,101,"1,2,4-Triazole, 3-(3,6-dimethoxybenzylidenamino)-","95.56","146133","301201-72-9","C11H12N4O2"
"755",883,29.1473,101,"trans-13-Octadecenoic acid, methyl ester","96.42","145189","","C19H36O2"
"756",884,29.206,101,"4-(7-Methyloctyl)phenol, TMS derivative","97.00","151009","","C18H32OSi"
"757",885,29.2068,101,"4-(7-Methyloctyl)phenol, TMS derivative","95.70","151009","","C18H32OSi"
"758",888,29.3528,101,"N-[2-(4-Morpholinyl)propyl]-4-oxo-2,3,4,5-tetrahydro-1,5-benzothiazepine-7-carboxamide","98.09"," 14304","1197887-68-5","C17H23N3O3S"
"759",886,29.3536,101,"Pentanamide, 2-(dimethylamino)-3-methyl-N-[7-(2-methylpropyl)-5,8-dioxo-3-phenyl-2-oxa-6,9-diazabicyclo[10.2.2]hexadeca-10,12,14,15-tetraen-4-yl]-, [3R-[3R*,4S*(2S*,3R*),7S*]]-","98.28"," 14358","18067-39-5","C31H42N4O4"
"760",887,29.3559,101,"N-[2-(4-Morpholinyl)propyl]-4-oxo-2,3,4,5-tetrahydro-1,5-benzothiazepine-7-carboxamide","98.51"," 14304","1197887-68-5","C17H23N3O3S"
"761",889,30.027,101,"6,7,8,9-Tetrahydrodipyrido[1,2-a","92.97","146103","148056-89-7","C11H11N3O"
"762",890,30.0299,101,"1-(3,4-Dimethylphenyl)-2,5-dihydro-1H-pyrrole-2,5-dione","91.99","146069","64059-57-0","C12H11NO2"
"763",891,30.0395,101,"(p-Furfurylphenyl)dimethylamine","87.92","335141","100371-88-8","C13H15NO"
"764",892,30.1768,101,"Alanylalanine, N,N'-dimethyl-N'-propargyloxycarbonyl-, decyl ester","94.22"," 65175","","C22H38N2O5"
"765",894,30.1842,101,"4-Isopropyl-3,4,5,6,7,8-hexahydro-2(1H)-quinazolinethione","93.25","104845","378760-14-6","C11H18N2S"
"766",893,30.1919,101,"4-Isopropyl-3,4,5,6,7,8-hexahydro-2(1H)-quinazolinethione","93.15","104845","378760-14-6","C11H18N2S"
"767",897,30.3901,101,"4-Oxo-4,5,6,7-tetrahydrobenzofuran-3-carboxylic acid, TMS","92.46","172677","","C12H16O4Si"
"768",899,31.9957,101,"Nonane, 5-methyl-5-propyl-","97.62","244195","17312-75-3","C13H28"
"769",900,32.006,101,"Eicosane","95.29","210981","112-95-8","C20H42"
"770",903,32.0166,101,"3-Tetradecen-5-yne, (Z)-","91.99","262176","74663-68-6","C14H24"
"771",902,32.0175,101,"9,12,15-Octadecatrienoic acid, (Z,Z,Z)-","96.35","261814","463-40-1","C18H30O2"
"772",908,32.2226,101,"16-Octadecenoic acid, methyl ester","95.95","137635","56554-49-5","C19H36O2"
"773",906,32.2242,101,"Dimethametryn","95.95","336193","22936-75-0","C11H21N5S"
"774",904,32.2249,101,"Dimethametryn","95.33","336193","22936-75-0","C11H21N5S"
"775",905,32.2272,101,"Dimethametryn","95.58","336193","22936-75-0","C11H21N5S"
"776",907,32.2272,101,"Dimethametryn","95.34","336193","22936-75-0","C11H21N5S"
"777",910,32.4673,101,"Isophytol","97.88","306900","505-32-8","C20H40O"
"778",909,32.4698,101,"Isophytol","97.97","306900","505-32-8","C20H40O"
"779",911,32.47,101,"Isophytol","97.52","306871","505-32-8","C20H40O"
"780",914,33.0185,101,"Propane, 1-(1-methylethoxy)-","96.26","277806","627-08-7","C6H14O"
"781",912,33.0187,101,"1,3-Dioxolane, 2-methyl-2-(3-methylbutyl)-","96.32","273204","14447-30-4","C9H18O2"
"782",913,33.0187,101,"1,3-Dioxolane, 2-methyl-2-(3-methylbutyl)-","96.08","273204","14447-30-4","C9H18O2"
"783",915,33.0189,101,"1,3-Dioxolane, 2-methyl-2-pentyl-","94.89","273203","4352-95-8","C9H18O2"
"784",921,33.5268,101,"Cyclooctasiloxane, hexadecamethyl-","92.56","216750","556-68-3","C16H48O8Si8"
"785",922,33.528,101,"Cyclooctasiloxane, hexadecamethyl-","94.28","216750","556-68-3","C16H48O8Si8"
"786",919,33.5433,101,"(E)-N,N-Dimethyl-4-(m-tolyldiazenyl)aniline","94.46"," 28822","1081821-70-6","C15H17N3"
"787",916,33.546,101,"(E)-N,N-Dimethyl-4-(m-tolyldiazenyl)aniline","94.53"," 28822","1081821-70-6","C15H17N3"
"788",918,33.5468,101,"(E)-N,N-Dimethyl-4-(m-tolyldiazenyl)aniline","94.55"," 28822","1081821-70-6","C15H17N3"
"789",917,33.5483,101,".alpha.-Benzylphenethylamine","94.80"," 27678","","C15H17N"
"790",920,33.55,101,"Benzenamine, N,N-dimethyl-4-[(3-methylphenyl)azo]-","93.13"," 28824","55-80-1","C15H17N3"
"791",925,35.463,101,"3-Benzoylamino-2-methyl-butyric acid, ethyl ester","99.09","303580","","C14H19NO3"
"792",924,35.4699,101,"Benzoic acid, 3,4-dichlorophenyl ester","98.35","303094","","C13H8Cl2O2"
"793",926,35.4888,101,"1,3,5-Tri-O-benzoyl-.alpha.-d-ribofuranose","98.36","303951","","C26H22O8"
"794",929,36.2892,101,"Nonane, 5-methyl-5-propyl-","96.94","244195","17312-75-3","C13H28"
"795",930,36.2931,101,"Triacontane","98.16","346772","638-68-6","C30H62"
"796",934,36.4451,101,"Metoclopramide","98.73","311761","364-62-5","C14H22ClN3O2"
"797",931,36.4564,101,"Metoclopramide","99.24","311761","364-62-5","C14H22ClN3O2"
"798",932,36.46,101,"Metoclopramide","98.89","311761","364-62-5","C14H22ClN3O2"
"799",933,36.4704,101,"Metoclopramide","98.85","311761","364-62-5","C14H22ClN3O2"
"800",937,37.2005,101,"Tapentadol, chlorodifluoroacetate","97.76","231371","","C16H22ClF2NO2"
"801",936,37.2026,101,"1-Undecanamine, N,N-dimethyl-","98.59","230696","17373-28-3","C13H29N"
"802",940,39.0991,101,"1-Methyl-2-pyrrolidineethanol","99.00","268272","67004-64-2","C7H15NO"
"803",938,39.1,101,"1-Methyl-2-pyrrolidineethanol","99.24","268272","67004-64-2","C7H15NO"
"804",939,39.1019,101,"1-Methyl-2-pyrrolidineethanol","99.07","268272","67004-64-2","C7H15NO"
"805",942,39.1026,101,"7-Chloro-1,3,4,10-tetrahydro-10-hydroxy-1-[[2-[1-pyrrolidinyl]ethyl]imino]-3-[3-(trifluoromethyl)phenyl]-9(2H)-acridinone","98.64","268281","80092-53-1","C26H25ClF3N3O2"
"806",941,39.1037,101,"7-Chloro-1,3,4,10-tetrahydro-10-hydroxy-1-[[2-[1-pyrrolidinyl]ethyl]imino]-3-[3-(trifluoromethyl)phenyl]-9(2H)-acridinone","98.97","268281","80092-53-1","C26H25ClF3N3O2"
"807",944,39.3191,101,"l-Proline, n-heptafluorobutyryl-, decyl ester","92.20","188932","","C19H28F7NO3"
"808",943,39.3197,101,"l-Proline, n-heptafluorobutyryl-, decyl ester","85.53","188932","","C19H28F7NO3"
"809",945,39.3199,101,"l-Proline, n-heptafluorobutyryl-, decyl ester","96.08","188932","","C19H28F7NO3"
"810",946,39.3202,101,"l-Proline, n-heptafluorobutyryl-, decyl ester","93.13","188932","","C19H28F7NO3"
"811",947,39.3215,101,"l-Proline, n-heptafluorobutyryl-, decyl ester","96.44","188932","","C19H28F7NO3"
"812",950,39.6,101,"Tetracosamethyl-cyclododecasiloxane","96.84"," 76710","18919-94-3","C24H72O12Si12"
"813",949,39.6014,101,"Tetracosamethyl-cyclododecasiloxane","96.76"," 76710","18919-94-3","C24H72O12Si12"
"814",952,39.9226,101,"Nonane, 5-methyl-5-propyl-","96.31","244195","17312-75-3","C13H28"
"815",951,39.9227,101,"Tetracosane","97.01","346770","646-31-1","C24H50"
"816",954,41.3806,101,"Acetamide, N-[2-(2-piperidinyl)ethyl]-","98.30","268336","","C9H18N2O"
"817",953,41.3811,101,"2-Pyrrolidineethanamine, 1-methyl-","98.38","268193","51387-90-7","C7H16N2"
"818",955,41.386,101,"7-Chloro-1,3,4,10-tetrahydro-10-hydroxy-1-[[2-[1-pyrrolidinyl]ethyl]imino]-3-[3-(trifluoromethyl)phenyl]-9(2H)-acridinone","97.14","268281","80092-53-1","C26H25ClF3N3O2"
"819",957,41.8118,101,"4-Oxo-4,5,6,7-tetrahydrobenzofuran-3-carboxylic acid, TMS","91.53","172677","","C12H16O4Si"
"820",958,41.8122,101,"4-Oxo-4,5,6,7-tetrahydrobenzofuran-3-carboxylic acid, TMS","92.20","172677","","C12H16O4Si"
"821",959,41.8148,101,"4-Oxo-4,5,6,7-tetrahydrobenzofuran-3-carboxylic acid, TMS","89.57","172677","","C12H16O4Si"
"822",962,42.4854,101,"Sulfurous acid, nonyl pentyl ester","93.49","243703","","C14H30O3S"
"823",961,42.4858,101,"Nonane, 5-methyl-5-propyl-","96.89","244195","17312-75-3","C13H28"
"824",960,42.4871,101,"Heneicosane","98.87","346737","629-94-7","C21H44"
"825",966,42.7075,101,"Pyrimido[4,5-b]benzothiophene, 5,6,7,8-tetrahydro-4-(2-diethylaminoethylamino)-","97.64","272020","332402-70-7","C16H24N4S"
"826",964,42.7107,101,"Decyl S-2-diethyaminoethyl methylphosphonothiolate","98.66","271997","","C17H38NO2PS"
"827",965,42.7111,101,"Pyrimido[4,5-b]benzothiophene, 5,6,7,8-tetrahydro-4-(2-diethylaminoethylamino)-","98.68","272020","332402-70-7","C16H24N4S"
"828",968,42.8565,101,"Phenol, 2,2'-methylenebis[6-(1,1-dimethylethyl)-4-methyl-","95.78","118131","119-47-1","C23H32O2"
"829",973,43.2273,101,"Tetracosamethyl-cyclododecasiloxane","94.83"," 76710","18919-94-3","C24H72O12Si12"
"830",974,43.228,101,"Heptasiloxane, hexadecamethyl-","90.29","336994","541-01-5","C16H48O6Si7"
"831",977,44.5415,101,"Triacontane","99.02","346772","638-68-6","C30H62"
"832",978,44.5426,101,"Heneicosane","98.72","346737","629-94-7","C21H44"
"833",979,44.8818,101,"4-Oxo-4,5,6,7-tetrahydrobenzofuran-3-carboxylic acid, TMS","88.38","172677","","C12H16O4Si"
"834",980,44.8824,101,"4-Oxo-4,5,6,7-tetrahydrobenzofuran-3-carboxylic acid, TMS","88.97","172677","","C12H16O4Si"
"835",983,45.8997,101,"Cyclooctasiloxane, hexadecamethyl-","89.19","216750","556-68-3","C16H48O8Si8"
"836",981,45.9001,101,"Tetracosamethyl-cyclododecasiloxane","92.44"," 76710","18919-94-3","C24H72O12Si12"
"837",982,45.9005,101,"Cyclooctasiloxane, hexadecamethyl-","89.79","216750","556-68-3","C16H48O8Si8"
"838",984,46.2914,101,"Heneicosane","98.80","346737","629-94-7","C21H44"
"839",985,46.2914,101,"Tetrapentacontane","96.56","346765","5856-66-6","C54H110"
"840",987,46.6084,101,"Decyl S-2-diethyaminoethyl methylphosphonothiolate","97.02","271997","","C17H38NO2PS"
"841",986,46.6131,101,"Decyl S-2-diethyaminoethyl ethylphosphonothiolate","97.93","272047","","C18H40NO2PS"
"842",989,47.0922,101,"(E)-3,3'-Dimethoxy-4,4'-dihydroxystilbene","98.17","192041","7329-69-3","C16H16O4"
"843",988,47.0985,101,"(E)-3,3'-Dimethoxy-4,4'-dihydroxystilbene","98.35","192041","7329-69-3","C16H16O4"
"844",991,47.2605,101,"4-Oxo-4,5,6,7-tetrahydrobenzofuran-3-carboxylic acid, TMS","88.85","172677","","C12H16O4Si"
"845",992,47.2605,101,"4-Oxo-4,5,6,7-tetrahydrobenzofuran-3-carboxylic acid, TMS","90.11","172677","","C12H16O4Si"
"846",993,47.8393,101,"Docosane","99.17","346740","629-97-0","C22H46"
"847",996,48.083,101,"Tetracosamethyl-cyclododecasiloxane","94.83"," 76710","18919-94-3","C24H72O12Si12"
"848",997,48.0831,101,"Heptasiloxane, hexadecamethyl-","90.75","252940","541-01-5","C16H48O6Si7"
"849",995,48.0833,101,"Tetracosamethyl-cyclododecasiloxane","97.75"," 76710","18919-94-3","C24H72O12Si12"
"850",1000,48.954,101,"Palmitoleamide","96.60","233158","106010-22-4","C16H31NO"
"851",998,48.9544,101,"13-Docosenamide, (Z)-","98.94","348114","112-84-5","C22H43NO"
"852",999,48.9547,101,"13-Docosenamide, (Z)-","97.59","348114","112-84-5","C22H43NO"
"853",1001,49.2433,101,"Heneicosane","98.30","346737","629-94-7","C21H44"
"854",1006,49.2647,101,"Pyrimido[4,5-b]benzothiophene, 5,6,7,8-tetrahydro-4-(2-diethylaminoethylamino)-","97.36","272020","332402-70-7","C16H24N4S"
"855",1003,49.2665,101,"mono-Methyl isophthalate, TMS derivative","87.43","172511","","C12H16O4Si"
"856",1004,49.268,101,"4-Oxo-4,5,6,7-tetrahydrobenzofuran-3-carboxylic acid, TMS","84.95","172677","","C12H16O4Si"
"857",1010,49.6671,101,"Geranyl nitrile","97.94","305883","101660-61-1","C10H15N"
"858",1009,49.6674,101,"Trideca-1,3,7,11-tetraene-1,1-dicarbonitrile, 4,8,12-trimethyl-, (E,E)-","98.69","238150","","C18H24N2"
"859",1008,49.6678,101,"Supraene","99.33","306228","7683-64-9","C30H50"
"860",1011,49.9557,101,"Tetracosamethyl-cyclododecasiloxane","97.24"," 76710","18919-94-3","C24H72O12Si12"
"861",1012,49.9559,101,"Heptasiloxane, hexadecamethyl-","91.11","336994","541-01-5","C16H48O6Si7"
